Student_ID,Student_Name,Department,Course,Place,English,Mathematics,Physics,Chemistry,Computer_Science,Total_Marks,Average,Grade,Result
STU0001,Rahul Das,Data Science,BTech,Wayanad,75,51,56,21,70,273,54.6,C,Fail
STU0002,Sneha Menon,Computer Science,MCA,Kozhikode,63,28,59,54,55,259,51.8,C,Fail
STU0003,Gokul Joseph,Business Administration,MSc Data Science,Kochi,100,88,86,97,65,436,87.2,A,Pass
STU0004,Aarav Kumar,Computer Science,MCA,Kannur,75,69,93,63,45,345,69,B,Pass
STU0005,Kiran Ali,Computer Science,BTech,Thrissur,79,57,96,77,31,340,68,B,Fail
STU0006,Nikhil Menon,Commerce,Diploma,Palakkad,87,45,58,20,24,234,46.8,D,Fail
STU0007,Aisha Kumar,Computer Science,MSc Data Science,Kollam,76,21,72,86,72,327,65.4,B,Fail
STU0008,Nikhil Menon,Data Science,BCom,Kozhikode,91,69,36,81,30,307,61.4,B,Fail
STU0009,Arjun Nair,Mechanical,BCA,Wayanad,89,75,63,57,57,341,68.2,B,Pass
STU0010,Neha Menon,Commerce,BBA,Kottayam,68,40,20,90,44,262,52.4,C,Fail
STU0011,Aarav Nair,Electrical,BSc CS,Kottayam,65,30,54,32,32,213,42.6,D,Fail
STU0012,Sneha Kumar,Business Administration,BSc CS,Kannur,81,37,96,97,89,400,80,A,Pass
STU0013,Meera Singh,Mechanical,BSc CS,Trivandrum,49,60,41,75,26,251,50.2,C,Fail
STU0014,Aditya Bose,Mechanical,BBA,Kannur,50,55,99,33,88,325,65,B,Fail
STU0015,Nikhil Menon,Data Science,BCA,Wayanad,99,82,59,88,54,382,76.4,B+,Pass
STU0016,Sneha Kumar,Mechanical,BCA,Trivandrum,94,30,74,52,21,271,54.2,C,Fail
STU0017,Dev Varma,Business Administration,Diploma,Kollam,90,71,21,49,32,263,52.6,C,Fail
STU0018,Riya Varma,Electronics,MCA,Kochi,95,39,68,63,81,346,69.2,B,Pass
STU0019,Farhan Sharma,Business Administration,BSc CS,Kozhikode,97,39,91,40,39,306,61.2,B,Pass
STU0020,Diya Das,Electrical,BBA,Malappuram,84,32,76,29,91,312,62.4,B,Fail
STU0021,Meera Menon,Mechanical,Diploma,Thrissur,96,84,28,72,98,378,75.6,B+,Fail
STU0022,Naveen Ali,Computer Science,MSc Data Science,Wayanad,45,97,60,88,37,327,65.4,B,Pass
STU0023,Diya Gupta,Computer Science,BTech,Trivandrum,31,43,35,38,75,222,44.4,D,Fail
STU0024,Sneha Rao,Civil,BBA,Kochi,31,25,75,94,67,292,58.4,C,Fail
STU0025,Riya Sharma,Computer Science,MCA,Trivandrum,81,85,61,33,55,315,63,B,Fail
STU0026,Kiran Gupta,Computer Science,MSc Data Science,Kollam,45,83,35,59,98,320,64,B,Pass
STU0027,Meera Joseph,Civil,BBA,Trivandrum,76,30,90,83,96,375,75,B+,Fail
STU0028,Ananya Patel,Mechanical,MCA,Kannur,79,37,81,95,81,373,74.6,B+,Pass
STU0029,Akash Varma,Computer Science,BCA,Thrissur,44,27,61,49,82,263,52.6,C,Fail
STU0030,Dev Bose,Mechanical,MCA,Wayanad,70,37,69,90,98,364,72.8,B+,Pass
STU0031,Akash Gupta,Commerce,MSc Data Science,Kollam,33,76,43,98,80,330,66,B,Fail
STU0032,Diya Kumar,Electrical,Diploma,Kochi,27,94,35,71,96,323,64.6,B,Fail
STU0033,Farhan Iyer,Computer Science,BSc CS,Thrissur,31,97,55,55,65,303,60.6,B,Fail
STU0034,Farhan Iyer,Civil,MCA,Kozhikode,37,80,80,87,55,339,67.8,B,Pass
STU0035,Ananya Das,Commerce,BSc CS,Kochi,44,77,40,22,43,226,45.2,D,Fail
STU0036,Neha Singh,Electronics,BCom,Palakkad,43,86,60,80,53,322,64.4,B,Pass
STU0037,Neha Rao,Commerce,Diploma,Wayanad,26,48,34,99,93,300,60,B,Fail
STU0038,Ananya Gupta,Data Science,MCA,Kozhikode,46,78,74,28,50,276,55.2,C,Fail
STU0039,Vivaan Ali,Mechanical,Diploma,Kochi,24,61,79,64,68,296,59.2,C,Fail
STU0040,Gokul Kumar,Civil,MCA,Malappuram,83,27,97,59,40,306,61.2,B,Fail
STU0041,Riya Kumar,Electronics,Diploma,Kannur,45,79,89,47,47,307,61.4,B,Pass
STU0042,Kiran Kumar,Civil,BSc CS,Malappuram,53,34,67,51,89,294,58.8,C,Fail
STU0043,Nikhil Singh,Mechanical,MCA,Kottayam,51,44,31,59,100,285,57,C,Fail
STU0044,Farhan Sharma,Civil,BBA,Palakkad,58,31,29,28,90,236,47.2,D,Fail
STU0045,Riya Gupta,Data Science,BBA,Kottayam,45,33,61,45,38,222,44.4,D,Fail
STU0046,Aditya Nair,Electrical,BTech,Kannur,28,84,57,45,82,296,59.2,C,Fail
STU0047,Vivaan Das,Mechanical,BSc CS,Kottayam,28,57,45,69,50,249,49.8,D,Fail
STU0048,Priya Das,Business Administration,Diploma,Kannur,39,44,23,51,27,184,36.8,D,Fail
STU0049,Arjun Ali,Electronics,BCom,Kollam,65,88,30,27,46,256,51.2,C,Fail
STU0050,Ananya Das,Electronics,BSc CS,Kottayam,34,48,99,80,43,304,60.8,B,Fail
STU0051,Nikhil Sharma,Business Administration,Diploma,Thrissur,29,60,40,55,56,240,48,D,Fail
STU0052,Aditya Thomas,Commerce,BCom,Kottayam,24,29,58,67,80,258,51.6,C,Fail
STU0053,Aisha Sharma,Data Science,Diploma,Trivandrum,90,94,83,76,57,400,80,A,Pass
STU0054,Sneha Varma,Computer Science,BCA,Kochi,71,27,62,56,40,256,51.2,C,Fail
STU0055,Sneha Varma,Electronics,Diploma,Wayanad,28,86,91,65,84,354,70.8,B+,Fail
STU0056,Arjun Nair,Electronics,Diploma,Kollam,61,27,99,100,45,332,66.4,B,Fail
STU0057,Naveen Ali,Electronics,BTech,Thrissur,68,76,45,95,71,355,71,B+,Pass
STU0058,Arjun Das,Electrical,BTech,Trivandrum,70,41,79,98,99,387,77.4,B+,Pass
STU0059,Sneha Kumar,Computer Science,BBA,Kannur,96,93,62,71,92,414,82.8,A,Pass
STU0060,Dev Patel,Commerce,BCA,Kozhikode,24,84,21,97,70,296,59.2,C,Fail
STU0061,Nikhil Sharma,Mechanical,Diploma,Palakkad,41,100,51,33,43,268,53.6,C,Fail
STU0062,Meera Das,Business Administration,Diploma,Kottayam,33,54,67,77,20,251,50.2,C,Fail
STU0063,Vivaan Rao,Electrical,MSc Data Science,Trivandrum,74,57,85,100,54,370,74,B+,Pass
STU0064,Meera Sharma,Civil,BCA,Kannur,35,98,34,49,38,254,50.8,C,Fail
STU0065,Meera Kumar,Electronics,MSc Data Science,Malappuram,53,82,77,69,45,326,65.2,B,Pass
STU0066,Kiran Joseph,Civil,BCom,Wayanad,40,99,30,73,37,279,55.8,C,Fail
STU0067,Farhan Joseph,Commerce,BBA,Kollam,79,61,76,92,74,382,76.4,B+,Pass
STU0068,Aarav Thomas,Electronics,BSc CS,Wayanad,85,56,24,73,85,323,64.6,B,Fail
STU0069,Aditya Singh,Mechanical,Diploma,Kannur,60,32,33,88,90,303,60.6,B,Fail
STU0070,Aisha Patel,Civil,MSc Data Science,Kollam,61,54,56,80,20,271,54.2,C,Fail
STU0071,Aditya Patel,Computer Science,MCA,Kochi,72,59,83,84,54,352,70.4,B+,Pass
STU0072,Priya Thomas,Business Administration,MSc Data Science,Trivandrum,47,76,54,76,41,294,58.8,C,Pass
STU0073,Rahul Varma,Electronics,BSc CS,Kannur,75,59,98,56,72,360,72,B+,Pass
STU0074,Akash Joseph,Business Administration,MSc Data Science,Kochi,44,99,95,29,35,302,60.4,B,Fail
STU0075,Vivaan Nair,Electrical,BTech,Kozhikode,92,58,30,69,73,322,64.4,B,Fail
STU0076,Kiran Das,Business Administration,MSc Data Science,Trivandrum,53,52,39,55,77,276,55.2,C,Pass
STU0077,Akash Varma,Electronics,Diploma,Trivandrum,54,42,98,88,98,380,76,B+,Pass
STU0078,Nikhil Patel,Data Science,BTech,Wayanad,57,71,86,95,38,347,69.4,B,Pass
STU0079,Gokul Bose,Business Administration,MSc Data Science,Malappuram,80,26,100,97,93,396,79.2,B+,Fail
STU0080,Aditya Kumar,Electrical,BCA,Palakkad,56,30,95,84,70,335,67,B,Fail
STU0081,Akash Das,Mechanical,MSc Data Science,Thrissur,32,49,46,48,90,265,53,C,Fail
STU0082,Akash Rao,Data Science,MCA,Palakkad,25,32,50,63,89,259,51.8,C,Fail
STU0083,Gokul Sharma,Computer Science,BCom,Kozhikode,69,51,78,48,46,292,58.4,C,Pass
STU0084,Ananya Varma,Data Science,Diploma,Kochi,26,84,81,81,43,315,63,B,Fail
STU0085,Vivaan Das,Commerce,BCA,Kollam,100,26,65,74,81,346,69.2,B,Fail
STU0086,Meera Menon,Electrical,MCA,Wayanad,22,91,46,76,91,326,65.2,B,Fail
STU0087,Akash Thomas,Data Science,BCom,Kottayam,93,23,27,93,54,290,58,C,Fail
STU0088,Gokul Sharma,Computer Science,BCA,Malappuram,56,78,65,85,58,342,68.4,B,Pass
STU0089,Arjun Gupta,Commerce,MCA,Thrissur,62,47,60,62,63,294,58.8,C,Pass
STU0090,Diya Iyer,Business Administration,BCA,Kottayam,54,62,27,76,23,242,48.4,D,Fail
STU0091,Rahul Bose,Mechanical,MCA,Kollam,75,84,55,45,84,343,68.6,B,Pass
STU0092,Vivaan Menon,Electronics,Diploma,Thrissur,73,45,86,63,77,344,68.8,B,Pass
STU0093,Vivaan Ali,Electrical,BBA,Wayanad,42,65,73,95,94,369,73.8,B+,Pass
STU0094,Naveen Patel,Civil,BCom,Kannur,68,42,88,47,45,290,58,C,Pass
STU0095,Riya Nair,Mechanical,BBA,Kozhikode,21,22,62,93,71,269,53.8,C,Fail
STU0096,Nikhil Patel,Electronics,BBA,Thrissur,93,86,85,53,24,341,68.2,B,Fail
STU0097,Vivaan Ali,Business Administration,MCA,Kozhikode,36,70,95,91,61,353,70.6,B+,Pass
STU0098,Farhan Thomas,Business Administration,BCom,Malappuram,59,69,37,60,70,295,59,C,Pass
STU0099,Rahul Menon,Civil,BCom,Trivandrum,54,47,29,76,35,241,48.2,D,Fail
STU0100,Neha Ali,Business Administration,BTech,Kozhikode,56,57,88,57,96,354,70.8,B+,Pass
STU0101,Gokul Thomas,Computer Science,BBA,Thrissur,71,62,63,90,87,373,74.6,B+,Pass
STU0102,Meera Ali,Civil,BBA,Kollam,35,39,23,79,95,271,54.2,C,Fail
STU0103,Diya Ali,Mechanical,MCA,Kochi,74,89,46,86,42,337,67.4,B,Pass
STU0104,Vivaan Patel,Mechanical,BCom,Palakkad,42,91,69,40,36,278,55.6,C,Pass
STU0105,Vivaan Ali,Civil,MSc Data Science,Palakkad,65,88,74,76,48,351,70.2,B+,Pass
STU0106,Ananya Gupta,Commerce,Diploma,Kottayam,25,97,51,94,39,306,61.2,B,Fail
STU0107,Neha Kumar,Computer Science,BBA,Kannur,86,75,66,99,34,360,72,B+,Fail
STU0108,Riya Joseph,Mechanical,BCA,Palakkad,44,53,25,55,88,265,53,C,Fail
STU0109,Diya Varma,Civil,BBA,Kollam,78,43,58,35,41,255,51,C,Pass
STU0110,Meera Kumar,Mechanical,BSc CS,Malappuram,66,58,99,43,88,354,70.8,B+,Pass
STU0111,Vivaan Sharma,Commerce,BSc CS,Malappuram,95,93,44,21,26,279,55.8,C,Fail
STU0112,Dev Thomas,Civil,BTech,Trivandrum,70,100,22,53,37,282,56.4,C,Fail
STU0113,Priya Joseph,Mechanical,Diploma,Wayanad,54,93,34,29,61,271,54.2,C,Fail
STU0114,Rahul Das,Commerce,MSc Data Science,Kochi,85,65,66,22,56,294,58.8,C,Fail
STU0115,Riya Iyer,Mechanical,BTech,Kollam,100,93,100,49,78,420,84,A,Pass
STU0116,Aditya Menon,Business Administration,BTech,Thrissur,42,93,30,85,65,315,63,B,Fail
STU0117,Neha Varma,Electronics,MSc Data Science,Trivandrum,85,87,41,67,48,328,65.6,B,Pass
STU0118,Aarav Kumar,Mechanical,BSc CS,Trivandrum,71,22,82,29,91,295,59,C,Fail
STU0119,Ananya Sharma,Computer Science,BBA,Wayanad,65,78,98,40,33,314,62.8,B,Fail
STU0120,Naveen Kumar,Computer Science,BCom,Thrissur,93,85,63,57,72,370,74,B+,Pass
STU0121,Aarav Varma,Data Science,BBA,Thrissur,26,45,36,57,67,231,46.2,D,Fail
STU0122,Farhan Bose,Electronics,MSc Data Science,Wayanad,22,93,67,74,51,307,61.4,B,Fail
STU0123,Gokul Kumar,Data Science,Diploma,Trivandrum,90,43,97,63,37,330,66,B,Pass
STU0124,Aisha Iyer,Civil,BBA,Thrissur,74,45,28,91,43,281,56.2,C,Fail
STU0125,Gokul Ali,Electrical,BSc CS,Malappuram,82,91,89,83,76,421,84.2,A,Pass
STU0126,Naveen Sharma,Business Administration,BSc CS,Kollam,95,28,70,29,25,247,49.4,D,Fail
STU0127,Arjun Patel,Commerce,BCom,Malappuram,71,54,42,98,72,337,67.4,B,Pass
STU0128,Arjun Das,Electrical,MCA,Thrissur,27,71,56,44,55,253,50.6,C,Fail
STU0129,Aisha Singh,Electrical,BTech,Malappuram,84,54,44,78,79,339,67.8,B,Pass
STU0130,Aisha Patel,Electronics,BSc CS,Kannur,97,91,41,74,88,391,78.2,B+,Pass
STU0131,Rahul Varma,Commerce,Diploma,Trivandrum,84,81,27,81,98,371,74.2,B+,Fail
STU0132,Arjun Das,Business Administration,BBA,Trivandrum,62,83,58,87,99,389,77.8,B+,Pass
STU0133,Priya Das,Business Administration,BCA,Wayanad,39,88,40,100,61,328,65.6,B,Pass
STU0134,Gokul Patel,Data Science,BCA,Wayanad,97,89,40,34,79,339,67.8,B,Fail
STU0135,Nikhil Nair,Mechanical,Diploma,Thrissur,64,87,39,59,24,273,54.6,C,Fail
STU0136,Rahul Ali,Mechanical,BBA,Trivandrum,94,53,41,89,34,311,62.2,B,Fail
STU0137,Ananya Sharma,Electrical,MSc Data Science,Trivandrum,48,44,22,98,21,233,46.6,D,Fail
STU0138,Gokul Kumar,Electrical,BSc CS,Palakkad,58,98,72,33,81,342,68.4,B,Fail
STU0139,Priya Kumar,Electronics,BBA,Thrissur,81,67,45,21,23,237,47.4,D,Fail
STU0140,Aisha Menon,Electrical,BCom,Palakkad,85,81,49,52,96,363,72.6,B+,Pass
STU0141,Neha Sharma,Computer Science,MSc Data Science,Malappuram,82,88,69,60,48,347,69.4,B,Pass
STU0142,Priya Kumar,Business Administration,MCA,Trivandrum,56,51,33,88,97,325,65,B,Fail
STU0143,Ananya Thomas,Business Administration,BCom,Thrissur,59,83,74,42,81,339,67.8,B,Pass
STU0144,Akash Kumar,Civil,Diploma,Wayanad,37,59,80,88,44,308,61.6,B,Pass
STU0145,Naveen Gupta,Data Science,BBA,Kollam,29,74,77,97,44,321,64.2,B,Fail
STU0146,Sneha Menon,Electronics,BTech,Kollam,49,58,22,72,73,274,54.8,C,Fail
STU0147,Aditya Gupta,Mechanical,BSc CS,Malappuram,53,65,47,45,52,262,52.4,C,Pass
STU0148,Nikhil Menon,Mechanical,BCom,Kochi,27,63,50,73,46,259,51.8,C,Fail
STU0149,Aisha Kumar,Mechanical,Diploma,Kannur,30,90,38,90,55,303,60.6,B,Fail
STU0150,Rahul Sharma,Computer Science,BTech,Kannur,98,71,45,55,40,309,61.8,B,Pass
STU0151,Vivaan Gupta,Commerce,MCA,Malappuram,88,71,63,34,21,277,55.4,C,Fail
STU0152,Ananya Varma,Computer Science,BSc CS,Kochi,66,27,34,89,94,310,62,B,Fail
STU0153,Nikhil Iyer,Mechanical,MSc Data Science,Kollam,65,47,78,68,32,290,58,C,Fail
STU0154,Farhan Gupta,Business Administration,BCA,Trivandrum,24,100,57,92,21,294,58.8,C,Fail
STU0155,Meera Ali,Commerce,BCom,Wayanad,89,52,46,97,64,348,69.6,B,Pass
STU0156,Aarav Iyer,Mechanical,BCom,Kannur,84,60,93,23,38,298,59.6,C,Fail
STU0157,Farhan Rao,Mechanical,Diploma,Kozhikode,95,49,42,85,24,295,59,C,Fail
STU0158,Riya Rao,Data Science,BSc CS,Wayanad,67,94,73,76,80,390,78,B+,Pass
STU0159,Vivaan Bose,Computer Science,BCA,Kottayam,71,98,93,46,96,404,80.8,A,Pass
STU0160,Sneha Thomas,Civil,MSc Data Science,Kochi,40,72,66,99,77,354,70.8,B+,Pass
STU0161,Neha Kumar,Data Science,BCA,Kottayam,24,59,20,91,72,266,53.2,C,Fail
STU0162,Aisha Menon,Civil,BCom,Kannur,29,28,21,68,74,220,44,D,Fail
STU0163,Aarav Kumar,Electrical,BTech,Wayanad,56,62,49,98,79,344,68.8,B,Pass
STU0164,Akash Bose,Data Science,MSc Data Science,Kozhikode,93,79,62,57,69,360,72,B+,Pass
STU0165,Priya Joseph,Mechanical,BTech,Palakkad,49,47,65,63,65,289,57.8,C,Pass
STU0166,Kiran Menon,Civil,MCA,Thrissur,58,36,87,100,48,329,65.8,B,Pass
STU0167,Diya Iyer,Commerce,BSc CS,Malappuram,42,63,34,83,23,245,49,D,Fail
STU0168,Vivaan Bose,Civil,Diploma,Trivandrum,39,58,42,80,41,260,52,C,Pass
STU0169,Priya Das,Electrical,BSc CS,Kollam,26,51,52,38,87,254,50.8,C,Fail
STU0170,Nikhil Thomas,Civil,Diploma,Kollam,20,95,31,47,86,279,55.8,C,Fail
STU0171,Meera Iyer,Electrical,BCA,Kottayam,74,75,94,33,59,335,67,B,Fail
STU0172,Naveen Joseph,Civil,BTech,Kollam,64,26,29,71,98,288,57.6,C,Fail
STU0173,Sneha Joseph,Data Science,MSc Data Science,Thrissur,73,35,46,21,92,267,53.4,C,Fail
STU0174,Sneha Iyer,Civil,Diploma,Malappuram,95,55,42,97,49,338,67.6,B,Pass
STU0175,Gokul Rao,Civil,MCA,Trivandrum,37,89,89,61,80,356,71.2,B+,Pass
STU0176,Neha Bose,Mechanical,BBA,Kollam,92,41,22,83,79,317,63.4,B,Fail
STU0177,Sneha Bose,Electronics,BCom,Trivandrum,36,64,62,64,57,283,56.6,C,Pass
STU0178,Naveen Iyer,Business Administration,Diploma,Kottayam,87,62,95,87,56,387,77.4,B+,Pass
STU0179,Gokul Kumar,Mechanical,MCA,Kannur,50,97,94,93,60,394,78.8,B+,Pass
STU0180,Meera Sharma,Data Science,Diploma,Trivandrum,39,23,87,64,22,235,47,D,Fail
STU0181,Ananya Varma,Civil,BCA,Thrissur,65,89,31,54,30,269,53.8,C,Fail
STU0182,Naveen Sharma,Civil,BBA,Kochi,54,22,74,38,84,272,54.4,C,Fail
STU0183,Riya Iyer,Business Administration,BSc CS,Kollam,96,96,43,68,83,386,77.2,B+,Pass
STU0184,Ananya Varma,Commerce,BCA,Trivandrum,45,44,61,90,52,292,58.4,C,Pass
STU0185,Priya Joseph,Civil,BSc CS,Trivandrum,65,93,59,92,45,354,70.8,B+,Pass
STU0186,Kiran Joseph,Civil,MSc Data Science,Thrissur,22,71,57,39,31,220,44,D,Fail
STU0187,Arjun Menon,Civil,MCA,Malappuram,20,86,78,42,34,260,52,C,Fail
STU0188,Naveen Patel,Data Science,MCA,Kollam,85,57,99,22,32,295,59,C,Fail
STU0189,Kiran Varma,Commerce,MSc Data Science,Palakkad,42,71,89,57,68,327,65.4,B,Pass
STU0190,Ananya Rao,Business Administration,BCA,Kottayam,71,90,87,45,42,335,67,B,Pass
STU0191,Arjun Singh,Computer Science,BSc CS,Kozhikode,35,48,23,38,53,197,39.4,D,Fail
STU0192,Aisha Bose,Commerce,BBA,Kozhikode,45,26,55,55,71,252,50.4,C,Fail
STU0193,Riya Patel,Civil,Diploma,Kannur,89,71,54,23,93,330,66,B,Fail
STU0194,Aisha Singh,Commerce,BSc CS,Malappuram,56,49,58,36,59,258,51.6,C,Pass
STU0195,Farhan Bose,Civil,BCA,Wayanad,68,100,32,82,90,372,74.4,B+,Fail
STU0196,Akash Joseph,Business Administration,MSc Data Science,Palakkad,44,44,82,56,26,252,50.4,C,Fail
STU0197,Arjun Bose,Civil,BCA,Trivandrum,20,89,41,45,87,282,56.4,C,Fail
STU0198,Aarav Kumar,Electronics,MSc Data Science,Kottayam,73,22,27,98,55,275,55,C,Fail
STU0199,Neha Kumar,Data Science,BBA,Kottayam,29,62,46,89,87,313,62.6,B,Fail
STU0200,Vivaan Nair,Electronics,BSc CS,Kottayam,24,80,53,45,51,253,50.6,C,Fail
STU0201,Priya Nair,Civil,BCom,Kochi,37,40,45,71,30,223,44.6,D,Fail
STU0202,Priya Ali,Computer Science,MCA,Kozhikode,80,61,22,64,67,294,58.8,C,Fail
STU0203,Vivaan Bose,Electrical,BCom,Kottayam,74,56,72,55,97,354,70.8,B+,Pass
STU0204,Nikhil Thomas,Mechanical,BTech,Malappuram,32,76,96,85,75,364,72.8,B+,Fail
STU0205,Priya Joseph,Mechanical,Diploma,Kollam,95,91,86,84,53,409,81.8,A,Pass
STU0206,Vivaan Menon,Data Science,MSc Data Science,Wayanad,93,86,60,35,59,333,66.6,B,Pass
STU0207,Farhan Patel,Mechanical,Diploma,Malappuram,68,58,29,37,43,235,47,D,Fail
STU0208,Rahul Singh,Mechanical,BCA,Wayanad,92,42,75,29,42,280,56,C,Fail
STU0209,Diya Menon,Data Science,MCA,Palakkad,24,83,42,21,85,255,51,C,Fail
STU0210,Riya Iyer,Business Administration,BTech,Kochi,66,37,32,79,76,290,58,C,Fail
STU0211,Dev Gupta,Civil,MSc Data Science,Wayanad,33,33,53,62,30,211,42.2,D,Fail
STU0212,Naveen Gupta,Civil,BTech,Thrissur,99,90,69,69,34,361,72.2,B+,Fail
STU0213,Neha Joseph,Business Administration,MCA,Kollam,22,27,64,100,88,301,60.2,B,Fail
STU0214,Rahul Varma,Data Science,Diploma,Kochi,39,20,41,60,31,191,38.2,D,Fail
STU0215,Gokul Das,Electrical,Diploma,Wayanad,94,46,31,91,39,301,60.2,B,Fail
STU0216,Riya Rao,Mechanical,BCom,Thrissur,34,20,58,64,57,233,46.6,D,Fail
STU0217,Arjun Rao,Computer Science,BSc CS,Kollam,57,28,50,66,67,268,53.6,C,Fail
STU0218,Naveen Kumar,Data Science,MSc Data Science,Kozhikode,84,65,100,22,71,342,68.4,B,Fail
STU0219,Aarav Nair,Business Administration,MSc Data Science,Palakkad,52,38,97,70,50,307,61.4,B,Pass
STU0220,Vivaan Joseph,Commerce,MCA,Kozhikode,74,71,51,70,59,325,65,B,Pass
STU0221,Meera Nair,Computer Science,BCA,Malappuram,41,77,37,52,30,237,47.4,D,Fail
STU0222,Rahul Gupta,Business Administration,BCA,Palakkad,21,26,42,81,74,244,48.8,D,Fail
STU0223,Aisha Bose,Business Administration,BTech,Malappuram,51,73,54,89,99,366,73.2,B+,Pass
STU0224,Naveen Thomas,Electrical,BCA,Malappuram,30,79,21,86,92,308,61.6,B,Fail
STU0225,Akash Thomas,Business Administration,BTech,Kochi,45,72,76,67,75,335,67,B,Pass
STU0226,Aditya Bose,Business Administration,BBA,Palakkad,29,42,70,74,59,274,54.8,C,Fail
STU0227,Vivaan Patel,Electrical,BTech,Malappuram,44,43,35,81,33,236,47.2,D,Fail
STU0228,Dev Sharma,Electronics,BCA,Wayanad,100,46,41,52,69,308,61.6,B,Pass
STU0229,Aisha Das,Electronics,BTech,Trivandrum,75,41,51,98,78,343,68.6,B,Pass
STU0230,Dev Varma,Data Science,BCA,Kozhikode,64,44,53,35,33,229,45.8,D,Fail
STU0231,Akash Patel,Civil,MCA,Wayanad,60,85,65,48,99,357,71.4,B+,Pass
STU0232,Dev Kumar,Data Science,BCom,Kannur,27,51,80,86,85,329,65.8,B,Fail
STU0233,Neha Varma,Data Science,MCA,Wayanad,76,33,56,39,93,297,59.4,C,Fail
STU0234,Neha Nair,Electrical,BCom,Trivandrum,29,23,51,41,35,179,35.8,D,Fail
STU0235,Akash Varma,Commerce,BBA,Palakkad,51,82,85,37,68,323,64.6,B,Pass
STU0236,Priya Das,Civil,BCom,Kozhikode,60,95,37,88,99,379,75.8,B+,Pass
STU0237,Nikhil Patel,Data Science,MCA,Trivandrum,53,42,97,95,90,377,75.4,B+,Pass
STU0238,Vivaan Rao,Data Science,BCom,Kollam,77,60,62,36,48,283,56.6,C,Pass
STU0239,Aisha Sharma,Mechanical,BBA,Palakkad,57,34,37,33,26,187,37.4,D,Fail
STU0240,Sneha Iyer,Business Administration,BCA,Malappuram,70,71,29,39,22,231,46.2,D,Fail
STU0241,Priya Ali,Civil,BCom,Kannur,63,53,60,59,35,270,54,C,Pass
STU0242,Riya Das,Electrical,BCom,Thrissur,47,35,84,29,62,257,51.4,C,Fail
STU0243,Gokul Iyer,Commerce,BTech,Kannur,84,82,98,95,91,450,90,A+,Pass
STU0244,Diya Bose,Computer Science,BCom,Wayanad,20,99,74,83,32,308,61.6,B,Fail
STU0245,Dev Ali,Civil,BSc CS,Kannur,48,60,49,26,53,236,47.2,D,Fail
STU0246,Riya Ali,Computer Science,BSc CS,Kochi,35,34,73,23,82,247,49.4,D,Fail
STU0247,Meera Bose,Data Science,MCA,Kottayam,80,56,48,28,98,310,62,B,Fail
STU0248,Ananya Joseph,Computer Science,BCom,Kottayam,88,78,40,27,53,286,57.2,C,Fail
STU0249,Naveen Nair,Commerce,BCA,Trivandrum,59,92,79,53,56,339,67.8,B,Pass
STU0250,Diya Bose,Data Science,BSc CS,Kollam,38,25,35,100,66,264,52.8,C,Fail
STU0251,Sneha Bose,Business Administration,MSc Data Science,Kozhikode,53,79,70,40,90,332,66.4,B,Pass
STU0252,Neha Singh,Data Science,BCA,Wayanad,27,68,97,79,94,365,73,B+,Fail
STU0253,Aarav Ali,Electrical,MSc Data Science,Kochi,29,46,61,81,22,239,47.8,D,Fail
STU0254,Farhan Patel,Mechanical,MCA,Kannur,28,34,22,99,80,263,52.6,C,Fail
STU0255,Kiran Sharma,Mechanical,MSc Data Science,Malappuram,38,54,96,92,73,353,70.6,B+,Pass
STU0256,Meera Kumar,Data Science,MCA,Malappuram,48,49,38,56,88,279,55.8,C,Pass
STU0257,Rahul Thomas,Computer Science,BSc CS,Kozhikode,97,42,23,60,29,251,50.2,C,Fail
STU0258,Kiran Nair,Electrical,BTech,Kannur,52,43,93,25,71,284,56.8,C,Fail
STU0259,Diya Das,Electronics,BCA,Kozhikode,51,46,70,30,70,267,53.4,C,Fail
STU0260,Farhan Nair,Data Science,BCom,Malappuram,69,43,98,45,90,345,69,B,Pass
STU0261,Aisha Menon,Electronics,MCA,Palakkad,26,64,73,100,77,340,68,B,Fail
STU0262,Dev Patel,Electrical,MSc Data Science,Thrissur,65,87,70,23,20,265,53,C,Fail
STU0263,Aditya Kumar,Business Administration,BBA,Palakkad,30,54,58,27,85,254,50.8,C,Fail
STU0264,Aarav Ali,Computer Science,MSc Data Science,Trivandrum,88,57,96,78,69,388,77.6,B+,Pass
STU0265,Priya Bose,Electronics,BCom,Kottayam,35,64,63,54,82,298,59.6,C,Pass
STU0266,Vivaan Das,Mechanical,Diploma,Wayanad,29,89,79,36,73,306,61.2,B,Fail
STU0267,Aditya Bose,Civil,BSc CS,Kollam,58,57,23,50,55,243,48.6,D,Fail
STU0268,Ananya Sharma,Computer Science,Diploma,Kollam,90,50,82,50,68,340,68,B,Pass
STU0269,Nikhil Gupta,Electrical,BBA,Thrissur,36,62,45,60,94,297,59.4,C,Pass
STU0270,Aisha Gupta,Civil,BTech,Kottayam,64,93,56,44,21,278,55.6,C,Fail
STU0271,Ananya Iyer,Computer Science,BTech,Kannur,45,24,79,76,22,246,49.2,D,Fail
STU0272,Priya Ali,Electrical,BTech,Trivandrum,50,28,70,69,28,245,49,D,Fail
STU0273,Sneha Patel,Civil,MSc Data Science,Thrissur,32,64,37,27,100,260,52,C,Fail
STU0274,Vivaan Thomas,Commerce,BCA,Palakkad,49,82,30,100,55,316,63.2,B,Fail
STU0275,Diya Singh,Electrical,BCA,Thrissur,84,67,59,67,54,331,66.2,B,Pass
STU0276,Naveen Joseph,Civil,BBA,Kannur,37,21,50,54,66,228,45.6,D,Fail
STU0277,Naveen Gupta,Commerce,BBA,Palakkad,50,64,98,94,24,330,66,B,Fail
STU0278,Akash Nair,Civil,Diploma,Kannur,86,63,22,87,60,318,63.6,B,Fail
STU0279,Diya Varma,Computer Science,Diploma,Wayanad,64,33,35,36,34,202,40.4,D,Fail
STU0280,Priya Nair,Electronics,MSc Data Science,Wayanad,99,54,79,85,44,361,72.2,B+,Pass
STU0281,Riya Iyer,Data Science,BBA,Kannur,25,20,20,30,51,146,29.2,F,Fail
STU0282,Ananya Bose,Computer Science,MCA,Kannur,64,91,70,33,45,303,60.6,B,Fail
STU0283,Akash Iyer,Civil,Diploma,Trivandrum,84,21,64,53,22,244,48.8,D,Fail
STU0284,Akash Singh,Civil,MSc Data Science,Kozhikode,47,73,28,55,42,245,49,D,Fail
STU0285,Aisha Kumar,Electrical,BCA,Kottayam,26,56,23,61,90,256,51.2,C,Fail
STU0286,Aisha Thomas,Mechanical,BTech,Kollam,63,22,24,23,24,156,31.2,F,Fail
STU0287,Meera Joseph,Computer Science,BBA,Palakkad,47,29,54,43,37,210,42,D,Fail
STU0288,Akash Iyer,Computer Science,BBA,Wayanad,50,52,93,42,51,288,57.6,C,Pass
STU0289,Akash Bose,Electrical,BCom,Wayanad,60,75,85,71,82,373,74.6,B+,Pass
STU0290,Kiran Thomas,Mechanical,BSc CS,Trivandrum,72,69,88,29,60,318,63.6,B,Fail
STU0291,Akash Varma,Mechanical,BBA,Kochi,20,99,49,45,76,289,57.8,C,Fail
STU0292,Arjun Ali,Mechanical,BTech,Kollam,86,58,33,50,49,276,55.2,C,Fail
STU0293,Riya Singh,Business Administration,Diploma,Wayanad,66,29,76,37,98,306,61.2,B,Fail
STU0294,Aisha Singh,Mechanical,BBA,Kannur,60,87,32,37,54,270,54,C,Fail
STU0295,Nikhil Nair,Electronics,BSc CS,Thrissur,31,57,82,88,51,309,61.8,B,Fail
STU0296,Neha Singh,Commerce,MCA,Thrissur,57,88,72,99,48,364,72.8,B+,Pass
STU0297,Diya Singh,Data Science,BCA,Kozhikode,99,36,77,90,77,379,75.8,B+,Pass
STU0298,Rahul Rao,Data Science,BCA,Kochi,97,34,63,84,96,374,74.8,B+,Fail
STU0299,Dev Das,Commerce,BTech,Kozhikode,47,36,27,83,45,238,47.6,D,Fail
STU0300,Aarav Patel,Mechanical,Diploma,Thrissur,69,67,58,68,43,305,61,B,Pass
STU0301,Sneha Ali,Data Science,BCA,Malappuram,32,44,60,100,45,281,56.2,C,Fail
STU0302,Sneha Singh,Electrical,BCom,Palakkad,96,20,66,30,76,288,57.6,C,Fail
STU0303,Rahul Ali,Electronics,BCA,Kottayam,21,90,47,72,70,300,60,B,Fail
STU0304,Farhan Iyer,Electronics,MSc Data Science,Wayanad,98,52,89,45,53,337,67.4,B,Pass
STU0305,Aditya Ali,Business Administration,BTech,Malappuram,79,58,54,53,75,319,63.8,B,Pass
STU0306,Aarav Thomas,Data Science,BSc CS,Palakkad,73,21,98,37,20,249,49.8,D,Fail
STU0307,Kiran Bose,Electronics,BTech,Kochi,22,73,59,75,86,315,63,B,Fail
STU0308,Aditya Menon,Civil,BTech,Kannur,38,51,45,20,21,175,35,D,Fail
STU0309,Neha Kumar,Mechanical,BBA,Kochi,22,49,55,91,60,277,55.4,C,Fail
STU0310,Priya Nair,Computer Science,MCA,Malappuram,89,93,27,24,79,312,62.4,B,Fail
STU0311,Vivaan Patel,Mechanical,Diploma,Trivandrum,47,80,29,70,27,253,50.6,C,Fail
STU0312,Neha Joseph,Civil,BCom,Kochi,95,62,74,40,38,309,61.8,B,Pass
STU0313,Vivaan Patel,Electronics,MCA,Kozhikode,33,47,25,24,81,210,42,D,Fail
STU0314,Gokul Kumar,Data Science,BTech,Thrissur,57,96,83,87,30,353,70.6,B+,Fail
STU0315,Nikhil Joseph,Electrical,Diploma,Malappuram,29,59,21,41,49,199,39.8,D,Fail
STU0316,Riya Ali,Business Administration,MSc Data Science,Trivandrum,86,89,82,65,44,366,73.2,B+,Pass
STU0317,Vivaan Iyer,Business Administration,BTech,Kollam,48,59,84,29,53,273,54.6,C,Fail
STU0318,Sneha Kumar,Electrical,BCA,Malappuram,29,38,22,29,49,167,33.4,F,Fail
STU0319,Sneha Varma,Electronics,BSc CS,Kozhikode,72,39,95,83,61,350,70,B+,Pass
STU0320,Neha Sharma,Mechanical,Diploma,Kozhikode,53,93,50,64,93,353,70.6,B+,Pass
STU0321,Meera Sharma,Electronics,MSc Data Science,Kollam,29,84,87,57,94,351,70.2,B+,Fail
STU0322,Riya Bose,Mechanical,BSc CS,Trivandrum,20,73,33,23,72,221,44.2,D,Fail
STU0323,Vivaan Sharma,Electrical,BCA,Wayanad,79,89,89,91,100,448,89.6,A,Pass
STU0324,Neha Menon,Electrical,BCom,Kozhikode,42,84,80,22,43,271,54.2,C,Fail
STU0325,Nikhil Sharma,Electrical,BCom,Malappuram,52,34,48,52,56,242,48.4,D,Fail
STU0326,Diya Thomas,Commerce,MCA,Kannur,50,25,61,39,71,246,49.2,D,Fail
STU0327,Aarav Nair,Commerce,BCA,Kozhikode,86,64,24,28,21,223,44.6,D,Fail
STU0328,Aditya Sharma,Computer Science,BTech,Kottayam,100,25,29,68,24,246,49.2,D,Fail
STU0329,Vivaan Kumar,Computer Science,MCA,Thrissur,76,29,78,50,58,291,58.2,C,Fail
STU0330,Naveen Kumar,Electronics,Diploma,Kozhikode,70,96,63,27,85,341,68.2,B,Fail
STU0331,Diya Menon,Commerce,BCA,Wayanad,24,71,46,36,96,273,54.6,C,Fail
STU0332,Farhan Rao,Electronics,BCA,Trivandrum,33,85,67,21,50,256,51.2,C,Fail
STU0333,Naveen Varma,Business Administration,MSc Data Science,Kottayam,65,36,68,43,79,291,58.2,C,Pass
STU0334,Nikhil Thomas,Business Administration,BBA,Kannur,56,53,73,78,60,320,64,B,Pass
STU0335,Farhan Nair,Electrical,BCom,Kozhikode,75,62,46,54,81,318,63.6,B,Pass
STU0336,Gokul Ali,Mechanical,BCA,Malappuram,36,29,54,54,72,245,49,D,Fail
STU0337,Neha Joseph,Data Science,BCA,Trivandrum,77,99,29,60,91,356,71.2,B+,Fail
STU0338,Gokul Sharma,Mechanical,Diploma,Malappuram,72,93,45,51,50,311,62.2,B,Pass
STU0339,Sneha Iyer,Mechanical,BCA,Wayanad,20,95,59,77,67,318,63.6,B,Fail
STU0340,Vivaan Iyer,Electrical,BCA,Kannur,82,88,59,99,58,386,77.2,B+,Pass
STU0341,Aditya Rao,Computer Science,BBA,Malappuram,53,29,63,80,39,264,52.8,C,Fail
STU0342,Diya Thomas,Electronics,BTech,Trivandrum,26,27,99,66,95,313,62.6,B,Fail
STU0343,Ananya Nair,Mechanical,BTech,Wayanad,39,35,79,35,57,245,49,D,Pass
STU0344,Priya Ali,Electrical,BCom,Kochi,57,57,90,86,36,326,65.2,B,Pass
STU0345,Naveen Rao,Computer Science,MSc Data Science,Kannur,69,23,38,87,90,307,61.4,B,Fail
STU0346,Nikhil Sharma,Electronics,BSc CS,Kozhikode,94,98,61,43,54,350,70,B+,Pass
STU0347,Kiran Sharma,Electronics,BCom,Trivandrum,95,90,53,85,91,414,82.8,A,Pass
STU0348,Ananya Ali,Electronics,BCom,Palakkad,91,91,99,26,34,341,68.2,B,Fail
STU0349,Farhan Das,Data Science,MCA,Wayanad,21,39,67,25,38,190,38,D,Fail
STU0350,Diya Rao,Computer Science,Diploma,Trivandrum,71,49,62,22,50,254,50.8,C,Fail
STU0351,Rahul Nair,Business Administration,BBA,Thrissur,43,67,32,42,27,211,42.2,D,Fail
STU0352,Aarav Nair,Business Administration,Diploma,Malappuram,29,58,72,73,62,294,58.8,C,Fail
STU0353,Akash Iyer,Electronics,BTech,Thrissur,77,28,31,22,57,215,43,D,Fail
STU0354,Riya Nair,Mechanical,BSc CS,Wayanad,72,24,40,38,54,228,45.6,D,Fail
STU0355,Arjun Das,Mechanical,BCA,Kochi,36,86,45,100,29,296,59.2,C,Fail
STU0356,Arjun Singh,Commerce,BSc CS,Palakkad,76,89,86,39,71,361,72.2,B+,Pass
STU0357,Diya Kumar,Civil,BCom,Kannur,39,50,63,27,79,258,51.6,C,Fail
STU0358,Nikhil Gupta,Civil,BCom,Kannur,76,61,89,53,78,357,71.4,B+,Pass
STU0359,Aditya Menon,Data Science,BCA,Thrissur,81,57,49,56,43,286,57.2,C,Pass
STU0360,Naveen Singh,Civil,BTech,Kottayam,82,55,24,54,58,273,54.6,C,Fail
STU0361,Kiran Das,Electronics,BTech,Kozhikode,80,46,35,60,51,272,54.4,C,Pass
STU0362,Diya Gupta,Electrical,BBA,Kollam,83,87,68,38,98,374,74.8,B+,Pass
STU0363,Dev Menon,Business Administration,BTech,Malappuram,73,88,55,27,34,277,55.4,C,Fail
STU0364,Riya Sharma,Electronics,BCom,Kottayam,61,77,29,79,95,341,68.2,B,Fail
STU0365,Dev Rao,Electronics,BTech,Kannur,20,82,98,58,30,288,57.6,C,Fail
STU0366,Naveen Varma,Data Science,BTech,Kottayam,21,98,59,91,72,341,68.2,B,Fail
STU0367,Sneha Nair,Computer Science,BSc CS,Kannur,99,95,66,38,71,369,73.8,B+,Pass
STU0368,Naveen Thomas,Computer Science,BSc CS,Kollam,81,68,82,72,87,390,78,B+,Pass
STU0369,Vivaan Gupta,Commerce,Diploma,Wayanad,67,30,40,82,73,292,58.4,C,Fail
STU0370,Riya Nair,Data Science,BSc CS,Wayanad,51,49,59,26,79,264,52.8,C,Fail
STU0371,Neha Bose,Electronics,BTech,Palakkad,100,51,72,83,70,376,75.2,B+,Pass
STU0372,Aarav Singh,Electrical,MCA,Palakkad,84,20,72,50,53,279,55.8,C,Fail
STU0373,Neha Das,Civil,BSc CS,Kannur,63,96,81,61,38,339,67.8,B,Pass
STU0374,Neha Joseph,Data Science,BSc CS,Wayanad,83,69,31,78,61,322,64.4,B,Fail
STU0375,Aditya Menon,Electrical,BBA,Trivandrum,56,59,28,35,87,265,53,C,Fail
STU0376,Riya Iyer,Civil,BBA,Kottayam,52,82,86,98,21,339,67.8,B,Fail
STU0377,Kiran Singh,Mechanical,BBA,Kollam,42,79,56,60,63,300,60,B,Pass
STU0378,Gokul Kumar,Electronics,BCA,Palakkad,63,30,65,81,53,292,58.4,C,Fail
STU0379,Dev Thomas,Commerce,BCA,Thrissur,58,100,63,69,81,371,74.2,B+,Pass
STU0380,Akash Patel,Civil,MCA,Kottayam,99,85,92,89,61,426,85.2,A,Pass
STU0381,Aarav Singh,Mechanical,BCA,Kochi,70,73,67,51,48,309,61.8,B,Pass
STU0382,Neha Gupta,Electronics,BCA,Trivandrum,39,58,47,61,23,228,45.6,D,Fail
STU0383,Neha Thomas,Mechanical,BCA,Kottayam,38,23,89,95,47,292,58.4,C,Fail
STU0384,Riya Iyer,Commerce,MSc Data Science,Malappuram,42,75,72,80,82,351,70.2,B+,Pass
STU0385,Vivaan Gupta,Electrical,BTech,Palakkad,89,83,83,34,25,314,62.8,B,Fail
STU0386,Riya Menon,Commerce,BTech,Palakkad,38,27,35,87,27,214,42.8,D,Fail
STU0387,Nikhil Patel,Data Science,BSc CS,Kollam,31,79,57,57,45,269,53.8,C,Fail
STU0388,Riya Gupta,Commerce,BBA,Kollam,22,41,59,50,88,260,52,C,Fail
STU0389,Aisha Menon,Electronics,BSc CS,Kannur,75,86,33,40,42,276,55.2,C,Fail
STU0390,Farhan Sharma,Electrical,Diploma,Trivandrum,89,72,23,81,42,307,61.4,B,Fail
STU0391,Farhan Das,Data Science,MSc Data Science,Kannur,22,96,55,93,66,332,66.4,B,Fail
STU0392,Arjun Iyer,Civil,BCA,Trivandrum,72,76,82,80,88,398,79.6,B+,Pass
STU0393,Farhan Bose,Computer Science,BCom,Kollam,66,72,87,25,54,304,60.8,B,Fail
STU0394,Aisha Joseph,Business Administration,BCA,Malappuram,28,70,81,63,53,295,59,C,Fail
STU0395,Dev Gupta,Data Science,BCom,Kozhikode,52,81,79,61,82,355,71,B+,Pass
STU0396,Naveen Ali,Data Science,BBA,Trivandrum,95,63,82,52,26,318,63.6,B,Fail
STU0397,Arjun Patel,Electrical,BSc CS,Trivandrum,28,59,40,96,49,272,54.4,C,Fail
STU0398,Vivaan Kumar,Commerce,BCA,Kannur,86,40,94,87,29,336,67.2,B,Fail
STU0399,Nikhil Das,Business Administration,BCom,Palakkad,38,37,41,44,100,260,52,C,Pass
STU0400,Neha Ali,Data Science,Diploma,Malappuram,55,74,71,78,87,365,73,B+,Pass
STU0401,Farhan Bose,Civil,BCom,Kottayam,88,98,36,71,30,323,64.6,B,Fail
STU0402,Diya Nair,Civil,BCom,Wayanad,55,65,65,87,49,321,64.2,B,Pass
STU0403,Riya Das,Mechanical,Diploma,Kottayam,77,44,67,47,76,311,62.2,B,Pass
STU0404,Farhan Gupta,Commerce,BTech,Wayanad,47,41,100,38,46,272,54.4,C,Pass
STU0405,Meera Gupta,Commerce,BTech,Kochi,76,88,49,71,24,308,61.6,B,Fail
STU0406,Farhan Singh,Civil,BTech,Wayanad,86,87,90,41,89,393,78.6,B+,Pass
STU0407,Riya Kumar,Commerce,Diploma,Kochi,35,63,72,85,25,280,56,C,Fail
STU0408,Priya Nair,Commerce,BSc CS,Palakkad,47,51,96,30,23,247,49.4,D,Fail
STU0409,Riya Varma,Electrical,BBA,Trivandrum,54,80,20,63,84,301,60.2,B,Fail
STU0410,Akash Singh,Electronics,BBA,Kochi,24,66,33,93,69,285,57,C,Fail
STU0411,Neha Singh,Data Science,MCA,Kollam,43,20,72,70,99,304,60.8,B,Fail
STU0412,Naveen Gupta,Commerce,BBA,Kannur,46,77,51,26,83,283,56.6,C,Fail
STU0413,Sneha Das,Mechanical,Diploma,Kottayam,67,36,25,41,70,239,47.8,D,Fail
STU0414,Aarav Nair,Civil,BCom,Kozhikode,86,83,91,91,55,406,81.2,A,Pass
STU0415,Neha Nair,Civil,Diploma,Thrissur,91,85,60,69,95,400,80,A,Pass
STU0416,Dev Patel,Electrical,BCA,Kottayam,95,24,29,37,49,234,46.8,D,Fail
STU0417,Diya Patel,Mechanical,BCA,Kottayam,59,96,50,21,34,260,52,C,Fail
STU0418,Kiran Ali,Computer Science,MSc Data Science,Palakkad,51,26,49,43,35,204,40.8,D,Fail
STU0419,Farhan Bose,Data Science,BCom,Thrissur,83,88,81,31,20,303,60.6,B,Fail
STU0420,Neha Ali,Electronics,BTech,Thrissur,49,79,29,33,62,252,50.4,C,Fail
STU0421,Priya Thomas,Computer Science,BCA,Trivandrum,85,81,83,84,56,389,77.8,B+,Pass
STU0422,Priya Rao,Electronics,MCA,Wayanad,33,34,95,24,46,232,46.4,D,Fail
STU0423,Arjun Joseph,Data Science,BSc CS,Kannur,24,87,54,84,30,279,55.8,C,Fail
STU0424,Nikhil Kumar,Business Administration,BBA,Palakkad,40,50,32,79,81,282,56.4,C,Fail
STU0425,Farhan Ali,Electronics,MSc Data Science,Kollam,96,47,56,55,68,322,64.4,B,Pass
STU0426,Diya Nair,Electrical,BCA,Kochi,56,55,29,76,66,282,56.4,C,Fail
STU0427,Kiran Kumar,Civil,BBA,Malappuram,42,82,86,38,86,334,66.8,B,Pass
STU0428,Aditya Ali,Electronics,MSc Data Science,Wayanad,21,84,54,26,41,226,45.2,D,Fail
STU0429,Akash Iyer,Commerce,Diploma,Kollam,58,63,62,26,71,280,56,C,Fail
STU0430,Naveen Varma,Commerce,MSc Data Science,Palakkad,72,87,88,93,67,407,81.4,A,Pass
STU0431,Neha Singh,Business Administration,BSc CS,Kozhikode,85,53,32,41,98,309,61.8,B,Fail
STU0432,Kiran Bose,Electrical,BBA,Kottayam,26,89,34,24,79,252,50.4,C,Fail
STU0433,Arjun Thomas,Electrical,MCA,Kozhikode,44,22,39,38,30,173,34.6,F,Fail
STU0434,Aarav Patel,Mechanical,MSc Data Science,Kottayam,70,34,47,57,56,264,52.8,C,Fail
STU0435,Naveen Nair,Commerce,MSc Data Science,Kollam,39,81,33,62,95,310,62,B,Fail
STU0436,Ananya Singh,Business Administration,BTech,Wayanad,74,53,32,32,73,264,52.8,C,Fail
STU0437,Diya Bose,Electrical,MSc Data Science,Kozhikode,32,100,92,22,21,267,53.4,C,Fail
STU0438,Aarav Singh,Electrical,MSc Data Science,Kochi,100,62,82,89,45,378,75.6,B+,Pass
STU0439,Arjun Kumar,Civil,MCA,Kozhikode,43,100,93,31,72,339,67.8,B,Fail
STU0440,Aarav Patel,Electronics,BCA,Wayanad,98,67,26,60,37,288,57.6,C,Fail
STU0441,Farhan Kumar,Business Administration,MSc Data Science,Kollam,65,98,52,80,57,352,70.4,B+,Pass
STU0442,Aisha Gupta,Civil,MCA,Kottayam,74,47,65,81,62,329,65.8,B,Pass
STU0443,Sneha Varma,Civil,BCom,Thrissur,44,65,93,39,50,291,58.2,C,Pass
STU0444,Akash Joseph,Commerce,Diploma,Kottayam,81,68,84,92,43,368,73.6,B+,Pass
STU0445,Sneha Nair,Computer Science,MCA,Malappuram,49,71,30,92,52,294,58.8,C,Fail
STU0446,Akash Sharma,Business Administration,MCA,Thrissur,26,74,41,61,59,261,52.2,C,Fail
STU0447,Farhan Thomas,Civil,BCA,Kannur,99,53,58,42,77,329,65.8,B,Pass
STU0448,Rahul Iyer,Commerce,BCA,Kannur,89,90,77,77,68,401,80.2,A,Pass
STU0449,Arjun Varma,Electrical,MSc Data Science,Malappuram,85,50,71,20,36,262,52.4,C,Fail
STU0450,Dev Singh,Commerce,BSc CS,Malappuram,51,86,51,20,53,261,52.2,C,Fail
STU0451,Rahul Patel,Civil,BSc CS,Kannur,47,35,45,68,79,274,54.8,C,Pass
STU0452,Aisha Iyer,Data Science,MCA,Wayanad,52,30,45,82,53,262,52.4,C,Fail
STU0453,Rahul Rao,Electrical,BSc CS,Kottayam,97,56,64,21,22,260,52,C,Fail
STU0454,Neha Thomas,Computer Science,MCA,Kannur,81,31,91,38,38,279,55.8,C,Fail
STU0455,Farhan Bose,Electronics,BSc CS,Palakkad,78,88,83,57,48,354,70.8,B+,Pass
STU0456,Kiran Gupta,Computer Science,MSc Data Science,Malappuram,79,26,82,53,93,333,66.6,B,Fail
STU0457,Aarav Singh,Civil,MSc Data Science,Kochi,58,32,66,68,23,247,49.4,D,Fail
STU0458,Aisha Kumar,Civil,MCA,Wayanad,50,44,71,28,75,268,53.6,C,Fail
STU0459,Ananya Kumar,Computer Science,BBA,Kozhikode,43,50,56,28,24,201,40.2,D,Fail
STU0460,Aarav Sharma,Business Administration,BCom,Kottayam,90,32,32,63,56,273,54.6,C,Fail
STU0461,Meera Varma,Electronics,BCom,Kozhikode,90,76,20,77,44,307,61.4,B,Fail
STU0462,Meera Ali,Commerce,Diploma,Palakkad,33,47,26,77,70,253,50.6,C,Fail
STU0463,Diya Rao,Commerce,Diploma,Palakkad,45,81,47,45,65,283,56.6,C,Pass
STU0464,Dev Sharma,Civil,MCA,Malappuram,76,41,100,60,85,362,72.4,B+,Pass
STU0465,Sneha Thomas,Electronics,MCA,Malappuram,41,76,40,56,72,285,57,C,Pass
STU0466,Priya Sharma,Business Administration,MSc Data Science,Kannur,27,64,24,24,25,164,32.8,F,Fail
STU0467,Akash Thomas,Computer Science,Diploma,Trivandrum,64,37,40,25,42,208,41.6,D,Fail
STU0468,Naveen Gupta,Computer Science,MSc Data Science,Kozhikode,40,33,98,50,88,309,61.8,B,Fail
STU0469,Ananya Joseph,Data Science,Diploma,Kollam,60,79,49,33,86,307,61.4,B,Fail
STU0470,Gokul Singh,Computer Science,BSc CS,Kochi,55,77,77,46,65,320,64,B,Pass
STU0471,Vivaan Sharma,Business Administration,Diploma,Wayanad,30,80,60,46,33,249,49.8,D,Fail
STU0472,Priya Sharma,Commerce,MSc Data Science,Trivandrum,73,79,56,39,31,278,55.6,C,Fail
STU0473,Gokul Nair,Mechanical,MSc Data Science,Kochi,31,73,80,83,85,352,70.4,B+,Fail
STU0474,Gokul Gupta,Electrical,Diploma,Wayanad,68,67,89,67,44,335,67,B,Pass
STU0475,Kiran Bose,Mechanical,Diploma,Malappuram,59,73,46,74,30,282,56.4,C,Fail
STU0476,Gokul Das,Data Science,BCom,Kottayam,56,81,48,58,41,284,56.8,C,Pass
STU0477,Rahul Kumar,Business Administration,BBA,Kollam,77,37,62,90,47,313,62.6,B,Pass
STU0478,Aisha Rao,Electronics,BCom,Kochi,26,67,38,93,54,278,55.6,C,Fail
STU0479,Sneha Bose,Commerce,Diploma,Kozhikode,24,32,68,24,69,217,43.4,D,Fail
STU0480,Aditya Iyer,Business Administration,MCA,Palakkad,82,68,25,45,57,277,55.4,C,Fail
STU0481,Priya Nair,Electrical,BTech,Kottayam,39,100,28,47,21,235,47,D,Fail
STU0482,Akash Varma,Data Science,BCom,Thrissur,65,54,66,72,22,279,55.8,C,Fail
STU0483,Aarav Iyer,Commerce,BSc CS,Thrissur,83,57,90,95,62,387,77.4,B+,Pass
STU0484,Aisha Bose,Commerce,Diploma,Kollam,61,88,65,45,59,318,63.6,B,Pass
STU0485,Priya Das,Mechanical,Diploma,Wayanad,22,29,86,53,25,215,43,D,Fail
STU0486,Nikhil Joseph,Electrical,BCA,Kannur,35,26,92,90,54,297,59.4,C,Fail
STU0487,Farhan Kumar,Electronics,MCA,Trivandrum,27,65,74,46,28,240,48,D,Fail
STU0488,Arjun Rao,Electrical,MCA,Kannur,66,80,34,99,46,325,65,B,Fail
STU0489,Farhan Singh,Mechanical,Diploma,Trivandrum,48,44,32,89,65,278,55.6,C,Fail
STU0490,Akash Ali,Commerce,MSc Data Science,Malappuram,26,62,68,23,69,248,49.6,D,Fail
STU0491,Gokul Gupta,Computer Science,Diploma,Malappuram,35,65,79,28,94,301,60.2,B,Fail
STU0492,Riya Thomas,Business Administration,BCA,Kollam,43,43,80,68,49,283,56.6,C,Pass
STU0493,Sneha Bose,Business Administration,MCA,Palakkad,91,79,28,74,66,338,67.6,B,Fail
STU0494,Gokul Menon,Data Science,BCA,Malappuram,47,48,36,38,84,253,50.6,C,Pass
STU0495,Riya Sharma,Mechanical,BTech,Kochi,69,96,61,63,34,323,64.6,B,Fail
STU0496,Diya Singh,Commerce,BTech,Kannur,30,61,31,63,52,237,47.4,D,Fail
STU0497,Gokul Thomas,Mechanical,BBA,Malappuram,97,81,24,43,26,271,54.2,C,Fail
STU0498,Priya Patel,Data Science,BCA,Kollam,38,55,53,39,22,207,41.4,D,Fail
STU0499,Farhan Joseph,Business Administration,MSc Data Science,Palakkad,54,95,79,84,74,386,77.2,B+,Pass
STU0500,Neha Iyer,Civil,BCom,Kollam,83,78,88,89,62,400,80,A,Pass
STU0501,Akash Thomas,Mechanical,BCom,Trivandrum,28,88,81,45,70,312,62.4,B,Fail
STU0502,Kiran Bose,Electronics,MCA,Malappuram,40,37,94,28,96,295,59,C,Fail
STU0503,Gokul Gupta,Data Science,Diploma,Kozhikode,62,51,26,34,57,230,46,D,Fail
STU0504,Vivaan Das,Electrical,MSc Data Science,Palakkad,83,55,34,38,75,285,57,C,Fail
STU0505,Aisha Varma,Electronics,BSc CS,Palakkad,71,65,43,98,40,317,63.4,B,Pass
STU0506,Arjun Singh,Commerce,BSc CS,Kannur,85,48,32,93,31,289,57.8,C,Fail
STU0507,Riya Patel,Computer Science,BTech,Malappuram,96,37,87,76,89,385,77,B+,Pass
STU0508,Aarav Das,Electrical,BTech,Wayanad,71,32,94,25,57,279,55.8,C,Fail
STU0509,Dev Gupta,Computer Science,BSc CS,Kozhikode,92,66,67,40,93,358,71.6,B+,Pass
STU0510,Farhan Singh,Electrical,Diploma,Kozhikode,99,67,93,52,84,395,79,B+,Pass
STU0511,Meera Varma,Computer Science,Diploma,Kollam,33,98,82,60,96,369,73.8,B+,Fail
STU0512,Arjun Joseph,Computer Science,MCA,Trivandrum,74,53,69,77,93,366,73.2,B+,Pass
STU0513,Aditya Rao,Computer Science,Diploma,Kozhikode,95,85,92,94,85,451,90.2,A+,Pass
STU0514,Farhan Iyer,Mechanical,Diploma,Kollam,75,41,96,28,82,322,64.4,B,Fail
STU0515,Rahul Joseph,Computer Science,BCom,Trivandrum,98,91,93,44,87,413,82.6,A,Pass
STU0516,Arjun Varma,Mechanical,MSc Data Science,Kozhikode,88,42,25,89,67,311,62.2,B,Fail
STU0517,Neha Bose,Business Administration,BSc CS,Kottayam,33,83,25,72,96,309,61.8,B,Fail
STU0518,Aditya Sharma,Mechanical,Diploma,Kottayam,56,47,54,52,45,254,50.8,C,Pass
STU0519,Aisha Ali,Commerce,BSc CS,Kochi,86,55,23,62,94,320,64,B,Fail
STU0520,Akash Patel,Commerce,MSc Data Science,Malappuram,40,40,32,70,58,240,48,D,Fail
STU0521,Sneha Nair,Computer Science,BCA,Kochi,22,80,65,45,29,241,48.2,D,Fail
STU0522,Riya Sharma,Mechanical,BCom,Malappuram,45,97,84,39,46,311,62.2,B,Pass
STU0523,Aisha Joseph,Data Science,MSc Data Science,Kozhikode,44,100,64,31,22,261,52.2,C,Fail
STU0524,Naveen Menon,Commerce,BSc CS,Malappuram,24,60,46,98,25,253,50.6,C,Fail
STU0525,Sneha Sharma,Computer Science,BBA,Wayanad,23,36,79,77,83,298,59.6,C,Fail
STU0526,Rahul Menon,Computer Science,BSc CS,Kozhikode,21,47,70,40,23,201,40.2,D,Fail
STU0527,Dev Singh,Electronics,Diploma,Thrissur,39,24,56,24,42,185,37,D,Fail
STU0528,Riya Menon,Data Science,BSc CS,Kozhikode,57,31,49,26,62,225,45,D,Fail
STU0529,Meera Sharma,Civil,MCA,Malappuram,54,56,70,41,77,298,59.6,C,Pass
STU0530,Ananya Thomas,Mechanical,MCA,Kottayam,25,55,39,77,48,244,48.8,D,Fail
STU0531,Rahul Menon,Computer Science,BTech,Kottayam,76,21,38,35,49,219,43.8,D,Fail
STU0532,Aarav Menon,Civil,BCom,Kannur,20,51,39,22,32,164,32.8,F,Fail
STU0533,Neha Menon,Commerce,Diploma,Kochi,89,22,38,46,21,216,43.2,D,Fail
STU0534,Priya Bose,Commerce,BBA,Kozhikode,64,23,37,24,53,201,40.2,D,Fail
STU0535,Diya Joseph,Data Science,MCA,Wayanad,25,55,77,46,32,235,47,D,Fail
STU0536,Farhan Sharma,Electronics,MCA,Kochi,85,25,29,78,36,253,50.6,C,Fail
STU0537,Aisha Varma,Electronics,BCom,Kannur,91,31,25,52,69,268,53.6,C,Fail
STU0538,Priya Sharma,Civil,BCA,Kochi,40,84,53,54,46,277,55.4,C,Pass
STU0539,Vivaan Thomas,Electronics,BCA,Palakkad,47,93,91,96,71,398,79.6,B+,Pass
STU0540,Priya Patel,Business Administration,MCA,Trivandrum,87,74,81,78,54,374,74.8,B+,Pass
STU0541,Neha Sharma,Business Administration,MCA,Kochi,41,64,63,22,22,212,42.4,D,Fail
STU0542,Nikhil Bose,Mechanical,Diploma,Kannur,70,80,47,21,55,273,54.6,C,Fail
STU0543,Dev Bose,Business Administration,BCA,Thrissur,89,66,71,62,33,321,64.2,B,Fail
STU0544,Diya Singh,Civil,BBA,Thrissur,44,66,95,62,20,287,57.4,C,Fail
STU0545,Sneha Joseph,Electrical,Diploma,Kannur,78,81,49,56,74,338,67.6,B,Pass
STU0546,Aarav Bose,Electronics,MCA,Trivandrum,91,60,84,90,38,363,72.6,B+,Pass
STU0547,Priya Rao,Civil,BTech,Kannur,20,50,74,85,35,264,52.8,C,Fail
STU0548,Aditya Kumar,Civil,MSc Data Science,Kollam,82,79,66,99,31,357,71.4,B+,Fail
STU0549,Rahul Patel,Data Science,BTech,Trivandrum,59,83,81,48,84,355,71,B+,Pass
STU0550,Priya Sharma,Electronics,BTech,Kottayam,28,96,90,35,39,288,57.6,C,Fail
STU0551,Rahul Kumar,Data Science,BCom,Malappuram,95,33,22,59,65,274,54.8,C,Fail
STU0552,Naveen Rao,Electronics,MCA,Thrissur,82,22,69,57,56,286,57.2,C,Fail
STU0553,Aisha Joseph,Business Administration,BCA,Palakkad,82,38,22,68,63,273,54.6,C,Fail
STU0554,Farhan Bose,Civil,BCom,Palakkad,64,32,70,47,75,288,57.6,C,Fail
STU0555,Vivaan Bose,Electrical,BSc CS,Kottayam,66,35,79,23,93,296,59.2,C,Fail
STU0556,Nikhil Iyer,Data Science,BSc CS,Kollam,87,63,28,69,55,302,60.4,B,Fail
STU0557,Neha Thomas,Computer Science,BTech,Palakkad,86,45,25,28,64,248,49.6,D,Fail
STU0558,Riya Singh,Commerce,Diploma,Kochi,99,28,61,45,50,283,56.6,C,Fail
STU0559,Aditya Das,Data Science,BSc CS,Kochi,75,30,61,77,25,268,53.6,C,Fail
STU0560,Dev Singh,Business Administration,BBA,Trivandrum,78,73,47,76,68,342,68.4,B,Pass
STU0561,Vivaan Nair,Data Science,BCA,Kottayam,65,35,49,84,94,327,65.4,B,Pass
STU0562,Ananya Menon,Computer Science,BTech,Wayanad,25,41,27,21,27,141,28.2,F,Fail
STU0563,Neha Das,Electrical,BCA,Malappuram,99,62,86,88,72,407,81.4,A,Pass
STU0564,Riya Patel,Computer Science,MCA,Kollam,30,42,75,27,37,211,42.2,D,Fail
STU0565,Diya Patel,Business Administration,BSc CS,Kochi,42,95,64,46,69,316,63.2,B,Pass
STU0566,Aisha Ali,Mechanical,MCA,Kannur,28,47,65,41,61,242,48.4,D,Fail
STU0567,Aisha Bose,Commerce,Diploma,Kochi,35,65,28,79,38,245,49,D,Fail
STU0568,Sneha Rao,Business Administration,Diploma,Kannur,96,46,38,79,55,314,62.8,B,Pass
STU0569,Meera Patel,Electrical,MCA,Trivandrum,52,85,55,65,24,281,56.2,C,Fail
STU0570,Naveen Singh,Mechanical,BBA,Trivandrum,37,78,83,90,30,318,63.6,B,Fail
STU0571,Aarav Iyer,Business Administration,MCA,Kottayam,90,63,45,56,56,310,62,B,Pass
STU0572,Neha Kumar,Computer Science,BSc CS,Palakkad,74,45,81,50,49,299,59.8,C,Pass
STU0573,Arjun Sharma,Mechanical,MCA,Kochi,27,57,38,47,40,209,41.8,D,Fail
STU0574,Aarav Patel,Electrical,BCom,Trivandrum,81,81,20,50,77,309,61.8,B,Fail
STU0575,Arjun Joseph,Mechanical,BCom,Kottayam,79,98,38,65,84,364,72.8,B+,Pass
STU0576,Arjun Das,Business Administration,BBA,Malappuram,52,99,93,38,80,362,72.4,B+,Pass
STU0577,Ananya Thomas,Electrical,BBA,Kozhikode,70,84,98,57,46,355,71,B+,Pass
STU0578,Farhan Ali,Business Administration,BBA,Kollam,31,61,21,80,93,286,57.2,C,Fail
STU0579,Ananya Bose,Data Science,BCom,Wayanad,72,88,35,89,78,362,72.4,B+,Pass
STU0580,Aarav Thomas,Data Science,BSc CS,Kannur,40,98,92,40,98,368,73.6,B+,Pass
STU0581,Arjun Sharma,Business Administration,BCom,Trivandrum,27,55,24,55,88,249,49.8,D,Fail
STU0582,Riya Varma,Mechanical,BTech,Palakkad,71,54,53,88,97,363,72.6,B+,Pass
STU0583,Vivaan Singh,Business Administration,BSc CS,Kochi,95,53,90,87,54,379,75.8,B+,Pass
STU0584,Vivaan Singh,Mechanical,BSc CS,Kannur,77,40,56,28,57,258,51.6,C,Fail
STU0585,Aisha Kumar,Data Science,BSc CS,Kollam,72,62,24,41,53,252,50.4,C,Fail
STU0586,Nikhil Nair,Electronics,BTech,Kochi,94,64,57,74,100,389,77.8,B+,Pass
STU0587,Naveen Patel,Computer Science,MCA,Trivandrum,43,37,51,98,43,272,54.4,C,Pass
STU0588,Rahul Nair,Electrical,BBA,Malappuram,89,33,73,39,54,288,57.6,C,Fail
STU0589,Gokul Gupta,Business Administration,MCA,Kochi,57,36,55,100,52,300,60,B,Pass
STU0590,Arjun Gupta,Business Administration,BCA,Kozhikode,96,76,52,50,26,300,60,B,Fail
STU0591,Riya Iyer,Mechanical,BBA,Kottayam,93,30,99,61,47,330,66,B,Fail
STU0592,Aisha Bose,Computer Science,BSc CS,Malappuram,28,61,80,32,40,241,48.2,D,Fail
STU0593,Riya Menon,Electrical,MCA,Palakkad,36,60,71,69,88,324,64.8,B,Pass
STU0594,Gokul Patel,Computer Science,BCom,Kozhikode,29,79,23,53,92,276,55.2,C,Fail
STU0595,Neha Patel,Commerce,BCA,Trivandrum,26,95,60,27,92,300,60,B,Fail
STU0596,Neha Singh,Mechanical,BBA,Wayanad,75,40,84,30,30,259,51.8,C,Fail
STU0597,Aditya Sharma,Data Science,MSc Data Science,Malappuram,55,33,27,95,95,305,61,B,Fail
STU0598,Aisha Patel,Data Science,MSc Data Science,Thrissur,51,86,26,66,28,257,51.4,C,Fail
STU0599,Rahul Nair,Mechanical,Diploma,Malappuram,68,62,42,90,33,295,59,C,Fail
STU0600,Nikhil Menon,Commerce,BCom,Kannur,37,33,20,89,89,268,53.6,C,Fail
STU0601,Aisha Ali,Data Science,BCA,Palakkad,33,25,55,50,91,254,50.8,C,Fail
STU0602,Ananya Joseph,Civil,MSc Data Science,Kozhikode,68,82,59,80,60,349,69.8,B,Pass
STU0603,Sneha Rao,Mechanical,Diploma,Thrissur,96,79,83,62,67,387,77.4,B+,Pass
STU0604,Arjun Gupta,Electrical,Diploma,Wayanad,38,42,60,34,74,248,49.6,D,Fail
STU0605,Akash Iyer,Civil,BTech,Trivandrum,87,65,89,20,20,281,56.2,C,Fail
STU0606,Diya Menon,Business Administration,BCA,Wayanad,56,57,87,65,71,336,67.2,B,Pass
STU0607,Naveen Rao,Data Science,BCom,Thrissur,37,47,41,48,32,205,41,D,Fail
STU0608,Sneha Patel,Computer Science,MCA,Kottayam,46,28,77,60,79,290,58,C,Fail
STU0609,Ananya Rao,Data Science,BCom,Palakkad,96,38,74,49,28,285,57,C,Fail
STU0610,Aisha Das,Civil,Diploma,Kochi,68,90,97,77,42,374,74.8,B+,Pass
STU0611,Akash Joseph,Computer Science,MSc Data Science,Kannur,87,38,49,33,32,239,47.8,D,Fail
STU0612,Gokul Singh,Business Administration,BTech,Thrissur,65,84,90,34,35,308,61.6,B,Fail
STU0613,Riya Das,Computer Science,BCom,Palakkad,53,68,43,59,35,258,51.6,C,Pass
STU0614,Akash Menon,Mechanical,BCom,Kochi,20,66,39,65,46,236,47.2,D,Fail
STU0615,Sneha Singh,Computer Science,BCA,Kochi,75,39,53,21,27,215,43,D,Fail
STU0616,Arjun Thomas,Computer Science,MCA,Kannur,72,74,77,69,52,344,68.8,B,Pass
STU0617,Dev Gupta,Electronics,MCA,Palakkad,97,43,57,29,56,282,56.4,C,Fail
STU0618,Nikhil Varma,Business Administration,BCA,Kollam,43,65,44,36,72,260,52,C,Pass
STU0619,Akash Rao,Business Administration,MSc Data Science,Kozhikode,62,94,85,68,44,353,70.6,B+,Pass
STU0620,Vivaan Thomas,Commerce,BCA,Malappuram,37,49,53,52,63,254,50.8,C,Pass
STU0621,Dev Bose,Civil,BBA,Thrissur,37,53,76,20,68,254,50.8,C,Fail
STU0622,Neha Gupta,Electrical,MSc Data Science,Kollam,61,25,37,76,68,267,53.4,C,Fail
STU0623,Akash Nair,Electronics,BCom,Trivandrum,100,96,44,67,52,359,71.8,B+,Pass
STU0624,Akash Singh,Electrical,BSc CS,Kollam,90,76,50,27,38,281,56.2,C,Fail
STU0625,Neha Varma,Electronics,BSc CS,Kannur,30,58,43,27,21,179,35.8,D,Fail
STU0626,Rahul Patel,Commerce,BCA,Malappuram,71,85,23,27,64,270,54,C,Fail
STU0627,Kiran Singh,Civil,BCom,Kochi,27,45,42,37,57,208,41.6,D,Fail
STU0628,Arjun Patel,Civil,MSc Data Science,Trivandrum,23,87,37,64,47,258,51.6,C,Fail
STU0629,Sneha Nair,Electrical,BCom,Malappuram,59,77,93,31,73,333,66.6,B,Fail
STU0630,Diya Ali,Electronics,BCom,Malappuram,54,70,90,53,28,295,59,C,Fail
STU0631,Sneha Menon,Commerce,MSc Data Science,Palakkad,62,49,86,54,30,281,56.2,C,Fail
STU0632,Farhan Joseph,Electrical,MSc Data Science,Kottayam,66,56,42,32,65,261,52.2,C,Fail
STU0633,Rahul Thomas,Business Administration,BTech,Kollam,32,98,53,73,40,296,59.2,C,Fail
STU0634,Diya Iyer,Commerce,Diploma,Kottayam,98,98,73,23,70,362,72.4,B+,Fail
STU0635,Ananya Rao,Civil,BBA,Kozhikode,71,89,61,95,24,340,68,B,Fail
STU0636,Akash Iyer,Electrical,BTech,Kollam,73,93,94,65,75,400,80,A,Pass
STU0637,Aisha Sharma,Electrical,BSc CS,Kochi,54,34,67,34,90,279,55.8,C,Fail
STU0638,Ananya Thomas,Civil,BBA,Kollam,59,26,77,73,23,258,51.6,C,Fail
STU0639,Aditya Rao,Electronics,BTech,Thrissur,98,20,68,50,96,332,66.4,B,Fail
STU0640,Aisha Thomas,Business Administration,Diploma,Kannur,93,25,20,80,89,307,61.4,B,Fail
STU0641,Dev Iyer,Computer Science,MCA,Malappuram,26,46,55,75,84,286,57.2,C,Fail
STU0642,Arjun Varma,Commerce,Diploma,Kollam,57,32,20,51,39,199,39.8,D,Fail
STU0643,Meera Iyer,Mechanical,Diploma,Kozhikode,66,89,67,50,76,348,69.6,B,Pass
STU0644,Rahul Joseph,Mechanical,BCA,Wayanad,91,27,60,39,82,299,59.8,C,Fail
STU0645,Naveen Das,Civil,BCA,Palakkad,60,85,74,20,29,268,53.6,C,Fail
STU0646,Aditya Das,Civil,MCA,Kottayam,86,50,95,45,98,374,74.8,B+,Pass
STU0647,Dev Joseph,Civil,BSc CS,Palakkad,22,63,39,25,65,214,42.8,D,Fail
STU0648,Diya Bose,Civil,MSc Data Science,Kochi,39,75,57,51,64,286,57.2,C,Pass
STU0649,Nikhil Iyer,Mechanical,BCA,Kottayam,52,24,35,53,22,186,37.2,D,Fail
STU0650,Aditya Patel,Commerce,BSc CS,Kottayam,37,55,51,56,46,245,49,D,Pass
STU0651,Aarav Das,Electronics,BCom,Kottayam,35,96,79,64,31,305,61,B,Fail
STU0652,Naveen Thomas,Mechanical,Diploma,Wayanad,71,73,33,73,56,306,61.2,B,Fail
STU0653,Riya Thomas,Civil,BCA,Trivandrum,39,23,67,74,50,253,50.6,C,Fail
STU0654,Akash Sharma,Electrical,BBA,Thrissur,89,75,64,65,97,390,78,B+,Pass
STU0655,Kiran Ali,Commerce,BCom,Kottayam,88,97,99,83,20,387,77.4,B+,Fail
STU0656,Diya Kumar,Commerce,BBA,Kannur,37,78,63,40,56,274,54.8,C,Pass
STU0657,Arjun Kumar,Electronics,MCA,Kottayam,85,97,94,71,58,405,81,A,Pass
STU0658,Arjun Bose,Electrical,BSc CS,Kannur,31,76,95,44,60,306,61.2,B,Fail
STU0659,Arjun Singh,Business Administration,MSc Data Science,Trivandrum,97,93,52,62,73,377,75.4,B+,Pass
STU0660,Farhan Nair,Computer Science,BTech,Palakkad,55,71,39,80,69,314,62.8,B,Pass
STU0661,Aditya Ali,Business Administration,MCA,Kochi,97,71,48,57,88,361,72.2,B+,Pass
STU0662,Aisha Thomas,Electrical,BCom,Malappuram,66,29,83,50,74,302,60.4,B,Fail
STU0663,Riya Varma,Business Administration,MCA,Thrissur,73,52,49,67,70,311,62.2,B,Pass
STU0664,Kiran Singh,Civil,BSc CS,Malappuram,75,67,46,58,57,303,60.6,B,Pass
STU0665,Gokul Singh,Electronics,BCom,Trivandrum,39,85,99,78,85,386,77.2,B+,Pass
STU0666,Arjun Rao,Civil,BBA,Trivandrum,78,74,80,74,32,338,67.6,B,Fail
STU0667,Farhan Nair,Commerce,BCA,Kochi,50,99,51,56,29,285,57,C,Fail
STU0668,Naveen Joseph,Mechanical,BBA,Kannur,76,40,33,53,94,296,59.2,C,Fail
STU0669,Aarav Ali,Computer Science,BTech,Thrissur,79,61,77,97,24,338,67.6,B,Fail
STU0670,Aditya Kumar,Civil,BCom,Palakkad,38,80,79,50,66,313,62.6,B,Pass
STU0671,Rahul Singh,Electrical,MSc Data Science,Kochi,45,81,67,52,32,277,55.4,C,Fail
STU0672,Aisha Gupta,Electronics,BBA,Kozhikode,78,88,32,93,38,329,65.8,B,Fail
STU0673,Dev Sharma,Commerce,MCA,Palakkad,85,88,51,95,87,406,81.2,A,Pass
STU0674,Priya Rao,Business Administration,BTech,Wayanad,91,87,55,62,89,384,76.8,B+,Pass
STU0675,Vivaan Joseph,Electronics,BCA,Kottayam,61,100,85,86,83,415,83,A,Pass
STU0676,Riya Nair,Mechanical,MSc Data Science,Kochi,31,89,38,25,52,235,47,D,Fail
STU0677,Aditya Bose,Commerce,MSc Data Science,Kochi,94,71,96,39,74,374,74.8,B+,Pass
STU0678,Sneha Thomas,Electronics,BSc CS,Kochi,62,95,56,51,57,321,64.2,B,Pass
STU0679,Naveen Varma,Civil,BCA,Kozhikode,42,43,55,80,69,289,57.8,C,Pass
STU0680,Riya Thomas,Commerce,MSc Data Science,Wayanad,86,90,44,71,20,311,62.2,B,Fail
STU0681,Aditya Gupta,Computer Science,BBA,Kannur,58,35,48,29,39,209,41.8,D,Fail
STU0682,Nikhil Singh,Computer Science,BCA,Trivandrum,88,28,25,20,82,243,48.6,D,Fail
STU0683,Vivaan Joseph,Data Science,BTech,Thrissur,62,88,53,92,83,378,75.6,B+,Pass
STU0684,Meera Rao,Civil,BSc CS,Malappuram,75,39,50,21,24,209,41.8,D,Fail
STU0685,Neha Nair,Civil,Diploma,Kottayam,62,68,98,32,54,314,62.8,B,Fail
STU0686,Nikhil Menon,Data Science,BBA,Kozhikode,80,100,25,51,85,341,68.2,B,Fail
STU0687,Kiran Singh,Civil,BSc CS,Kottayam,92,67,72,59,23,313,62.6,B,Fail
STU0688,Gokul Rao,Civil,BBA,Kannur,95,55,52,20,28,250,50,C,Fail
STU0689,Aisha Patel,Electrical,BSc CS,Wayanad,43,78,88,62,64,335,67,B,Pass
STU0690,Neha Das,Civil,MCA,Kochi,25,67,70,40,69,271,54.2,C,Fail
STU0691,Dev Singh,Mechanical,BCom,Kollam,28,33,35,28,96,220,44,D,Fail
STU0692,Kiran Iyer,Commerce,BCA,Kollam,67,35,76,65,22,265,53,C,Fail
STU0693,Neha Nair,Business Administration,BTech,Malappuram,28,50,88,95,34,295,59,C,Fail
STU0694,Diya Singh,Commerce,Diploma,Palakkad,24,65,100,75,42,306,61.2,B,Fail
STU0695,Aisha Kumar,Business Administration,BCom,Palakkad,32,85,62,73,98,350,70,B+,Fail
STU0696,Naveen Thomas,Electronics,Diploma,Wayanad,37,92,26,71,33,259,51.8,C,Fail
STU0697,Diya Menon,Electronics,BTech,Malappuram,88,60,65,66,57,336,67.2,B,Pass
STU0698,Naveen Bose,Business Administration,MCA,Malappuram,56,39,62,34,77,268,53.6,C,Fail
STU0699,Rahul Iyer,Mechanical,BTech,Kochi,44,21,98,59,31,253,50.6,C,Fail
STU0700,Aisha Sharma,Electrical,BCA,Kollam,55,84,97,77,43,356,71.2,B+,Pass
STU0701,Rahul Sharma,Commerce,BBA,Kannur,36,53,72,48,34,243,48.6,D,Fail
STU0702,Sneha Thomas,Mechanical,MCA,Wayanad,64,69,46,20,78,277,55.4,C,Fail
STU0703,Ananya Nair,Mechanical,Diploma,Thrissur,22,31,51,43,56,203,40.6,D,Fail
STU0704,Gokul Iyer,Business Administration,BBA,Malappuram,23,77,72,32,22,226,45.2,D,Fail
STU0705,Aditya Iyer,Data Science,BCA,Kannur,39,95,27,20,55,236,47.2,D,Fail
STU0706,Sneha Sharma,Electronics,Diploma,Wayanad,82,58,72,51,77,340,68,B,Pass
STU0707,Meera Ali,Electrical,BCom,Palakkad,69,91,93,34,23,310,62,B,Fail
STU0708,Gokul Patel,Data Science,Diploma,Kannur,51,62,74,91,47,325,65,B,Pass
STU0709,Gokul Nair,Mechanical,MSc Data Science,Kottayam,50,24,38,38,59,209,41.8,D,Fail
STU0710,Sneha Varma,Commerce,BBA,Wayanad,79,55,72,59,78,343,68.6,B,Pass
STU0711,Dev Rao,Computer Science,Diploma,Wayanad,58,66,40,65,52,281,56.2,C,Pass
STU0712,Aarav Kumar,Commerce,Diploma,Wayanad,79,98,88,79,34,378,75.6,B+,Fail
STU0713,Farhan Gupta,Data Science,BSc CS,Thrissur,41,88,46,26,50,251,50.2,C,Fail
STU0714,Diya Das,Computer Science,BCom,Palakkad,94,83,42,73,62,354,70.8,B+,Pass
STU0715,Naveen Kumar,Civil,BSc CS,Palakkad,57,75,78,88,87,385,77,B+,Pass
STU0716,Kiran Varma,Data Science,Diploma,Kozhikode,89,35,67,61,32,284,56.8,C,Fail
STU0717,Gokul Varma,Business Administration,BCom,Wayanad,56,41,28,37,63,225,45,D,Fail
STU0718,Naveen Singh,Electrical,MSc Data Science,Kannur,20,80,23,65,38,226,45.2,D,Fail
STU0719,Arjun Iyer,Civil,MCA,Wayanad,92,66,32,49,70,309,61.8,B,Fail
STU0720,Nikhil Nair,Mechanical,MSc Data Science,Kannur,38,43,86,71,32,270,54,C,Fail
STU0721,Arjun Singh,Civil,MSc Data Science,Kottayam,36,91,33,37,90,287,57.4,C,Fail
STU0722,Arjun Gupta,Computer Science,BCom,Malappuram,92,55,36,23,75,281,56.2,C,Fail
STU0723,Akash Ali,Computer Science,MCA,Thrissur,31,78,20,95,54,278,55.6,C,Fail
STU0724,Sneha Nair,Civil,Diploma,Kottayam,59,66,29,21,95,270,54,C,Fail
STU0725,Riya Das,Computer Science,BSc CS,Kottayam,68,93,54,51,100,366,73.2,B+,Pass
STU0726,Farhan Singh,Commerce,MCA,Wayanad,52,23,61,36,95,267,53.4,C,Fail
STU0727,Kiran Rao,Electrical,BCA,Kozhikode,44,100,56,92,55,347,69.4,B,Pass
STU0728,Arjun Thomas,Business Administration,BTech,Kozhikode,73,31,27,37,81,249,49.8,D,Fail
STU0729,Vivaan Sharma,Mechanical,BCA,Kochi,35,79,91,75,49,329,65.8,B,Pass
STU0730,Naveen Joseph,Business Administration,BSc CS,Kollam,29,48,57,31,63,228,45.6,D,Fail
STU0731,Naveen Das,Business Administration,BCom,Palakkad,85,49,56,33,87,310,62,B,Fail
STU0732,Nikhil Menon,Civil,BCA,Malappuram,78,69,95,80,27,349,69.8,B,Fail
STU0733,Sneha Kumar,Business Administration,BSc CS,Malappuram,36,62,53,55,31,237,47.4,D,Fail
STU0734,Aisha Varma,Mechanical,BTech,Kottayam,94,89,56,61,40,340,68,B,Pass
STU0735,Arjun Kumar,Business Administration,BCA,Wayanad,23,83,94,61,43,304,60.8,B,Fail
STU0736,Aditya Ali,Mechanical,BSc CS,Thrissur,62,44,93,72,80,351,70.2,B+,Pass
STU0737,Neha Ali,Civil,Diploma,Kottayam,69,97,60,81,32,339,67.8,B,Fail
STU0738,Naveen Das,Mechanical,BTech,Palakkad,96,99,29,98,93,415,83,A,Fail
STU0739,Kiran Menon,Data Science,BTech,Malappuram,58,26,77,53,31,245,49,D,Fail
STU0740,Riya Das,Electronics,MSc Data Science,Malappuram,56,44,58,65,33,256,51.2,C,Fail
STU0741,Aisha Kumar,Computer Science,MSc Data Science,Kottayam,22,77,96,62,53,310,62,B,Fail
STU0742,Arjun Patel,Business Administration,BCA,Malappuram,42,93,30,24,31,220,44,D,Fail
STU0743,Dev Patel,Computer Science,MSc Data Science,Kannur,41,69,50,20,91,271,54.2,C,Fail
STU0744,Sneha Varma,Mechanical,Diploma,Kannur,50,33,79,66,99,327,65.4,B,Fail
STU0745,Farhan Sharma,Electronics,MCA,Trivandrum,72,97,43,69,34,315,63,B,Fail
STU0746,Diya Bose,Electrical,MSc Data Science,Kozhikode,77,71,83,26,65,322,64.4,B,Fail
STU0747,Akash Iyer,Electronics,Diploma,Kollam,60,81,90,57,65,353,70.6,B+,Pass
STU0748,Kiran Rao,Computer Science,BTech,Kollam,59,42,24,52,37,214,42.8,D,Fail
STU0749,Farhan Thomas,Mechanical,MCA,Kottayam,46,20,40,77,35,218,43.6,D,Fail
STU0750,Gokul Gupta,Mechanical,Diploma,Kottayam,43,60,72,29,93,297,59.4,C,Fail
STU0751,Riya Gupta,Mechanical,Diploma,Wayanad,75,66,100,89,36,366,73.2,B+,Pass
STU0752,Kiran Thomas,Civil,BBA,Trivandrum,58,59,41,21,26,205,41,D,Fail
STU0753,Aditya Menon,Electronics,BSc CS,Trivandrum,99,33,33,54,20,239,47.8,D,Fail
STU0754,Dev Thomas,Civil,MSc Data Science,Wayanad,82,26,59,23,20,210,42,D,Fail
STU0755,Naveen Ali,Electrical,MSc Data Science,Trivandrum,95,94,51,88,45,373,74.6,B+,Pass
STU0756,Aditya Sharma,Electronics,Diploma,Malappuram,37,34,72,54,66,263,52.6,C,Fail
STU0757,Aarav Iyer,Data Science,MSc Data Science,Palakkad,92,57,39,40,44,272,54.4,C,Pass
STU0758,Nikhil Thomas,Computer Science,MSc Data Science,Kollam,42,42,48,84,29,245,49,D,Fail
STU0759,Naveen Sharma,Business Administration,BSc CS,Wayanad,79,52,23,81,74,309,61.8,B,Fail
STU0760,Neha Bose,Electronics,BBA,Kollam,68,28,33,70,34,233,46.6,D,Fail
STU0761,Gokul Bose,Civil,BCom,Wayanad,56,66,37,99,71,329,65.8,B,Pass
STU0762,Gokul Menon,Electrical,MCA,Kozhikode,22,44,57,28,24,175,35,D,Fail
STU0763,Ananya Das,Business Administration,BCom,Wayanad,33,90,50,87,69,329,65.8,B,Fail
STU0764,Naveen Gupta,Civil,BCA,Kochi,30,56,98,100,60,344,68.8,B,Fail
STU0765,Akash Iyer,Civil,BBA,Trivandrum,27,80,96,53,80,336,67.2,B,Fail
STU0766,Ananya Nair,Electrical,BSc CS,Kozhikode,64,97,92,98,39,390,78,B+,Pass
STU0767,Dev Singh,Computer Science,BCom,Kottayam,96,94,74,74,67,405,81,A,Pass
STU0768,Ananya Kumar,Civil,BCA,Kochi,86,100,92,62,43,383,76.6,B+,Pass
STU0769,Farhan Iyer,Data Science,MSc Data Science,Kozhikode,25,55,46,66,23,215,43,D,Fail
STU0770,Dev Joseph,Mechanical,Diploma,Kochi,85,64,93,63,37,342,68.4,B,Pass
STU0771,Ananya Rao,Electronics,MSc Data Science,Palakkad,69,54,50,39,30,242,48.4,D,Fail
STU0772,Gokul Patel,Computer Science,MCA,Malappuram,66,91,59,37,70,323,64.6,B,Pass
STU0773,Riya Rao,Civil,BCom,Palakkad,70,60,100,97,89,416,83.2,A,Pass
STU0774,Naveen Sharma,Commerce,Diploma,Kollam,77,56,87,55,85,360,72,B+,Pass
STU0775,Priya Iyer,Electronics,BTech,Kannur,20,34,75,76,68,273,54.6,C,Fail
STU0776,Naveen Gupta,Civil,BBA,Wayanad,45,36,89,32,94,296,59.2,C,Fail
STU0777,Meera Nair,Commerce,BCA,Kochi,52,66,77,97,71,363,72.6,B+,Pass
STU0778,Ananya Thomas,Business Administration,BSc CS,Thrissur,54,20,53,25,31,183,36.6,D,Fail
STU0779,Dev Nair,Civil,BCA,Palakkad,94,63,76,42,40,315,63,B,Pass
STU0780,Ananya Thomas,Commerce,MSc Data Science,Kannur,74,39,36,24,32,205,41,D,Fail
STU0781,Meera Rao,Mechanical,Diploma,Palakkad,36,23,63,48,88,258,51.6,C,Fail
STU0782,Akash Menon,Electronics,BSc CS,Palakkad,99,31,36,52,35,253,50.6,C,Fail
STU0783,Ananya Bose,Business Administration,BCA,Kozhikode,46,65,53,54,56,274,54.8,C,Pass
STU0784,Farhan Varma,Computer Science,MSc Data Science,Kochi,58,79,53,43,52,285,57,C,Pass
STU0785,Riya Menon,Commerce,BBA,Kannur,99,26,25,66,47,263,52.6,C,Fail
STU0786,Aisha Ali,Commerce,BCA,Malappuram,80,44,82,23,69,298,59.6,C,Fail
STU0787,Akash Gupta,Mechanical,MCA,Kannur,67,83,98,69,86,403,80.6,A,Pass
STU0788,Diya Patel,Computer Science,BCom,Thrissur,43,80,94,22,41,280,56,C,Fail
STU0789,Aisha Joseph,Computer Science,MCA,Kozhikode,72,28,38,82,29,249,49.8,D,Fail
STU0790,Naveen Menon,Electrical,BCom,Wayanad,58,82,62,52,73,327,65.4,B,Pass
STU0791,Aarav Das,Civil,BCom,Kannur,67,42,25,67,55,256,51.2,C,Fail
STU0792,Dev Iyer,Mechanical,BCA,Thrissur,45,96,82,64,67,354,70.8,B+,Pass
STU0793,Priya Ali,Computer Science,MSc Data Science,Kottayam,26,80,28,92,72,298,59.6,C,Fail
STU0794,Ananya Menon,Mechanical,BCA,Kochi,23,51,63,48,63,248,49.6,D,Fail
STU0795,Kiran Gupta,Electrical,MCA,Palakkad,25,36,98,69,41,269,53.8,C,Fail
STU0796,Naveen Gupta,Computer Science,BCA,Kottayam,66,43,100,99,54,362,72.4,B+,Pass
STU0797,Farhan Bose,Data Science,MCA,Kottayam,70,48,45,51,52,266,53.2,C,Pass
STU0798,Aditya Nair,Civil,MCA,Thrissur,65,100,32,46,83,326,65.2,B,Fail
STU0799,Vivaan Rao,Business Administration,BBA,Malappuram,75,76,53,23,45,272,54.4,C,Fail
STU0800,Gokul Thomas,Civil,Diploma,Kannur,93,57,52,43,55,300,60,B,Pass
STU0801,Diya Rao,Data Science,Diploma,Trivandrum,90,30,95,71,76,362,72.4,B+,Fail
STU0802,Aditya Nair,Mechanical,MSc Data Science,Malappuram,97,74,99,53,53,376,75.2,B+,Pass
STU0803,Sneha Nair,Electronics,MSc Data Science,Kozhikode,71,58,65,95,75,364,72.8,B+,Pass
STU0804,Dev Sharma,Electronics,BCom,Kollam,68,41,59,44,81,293,58.6,C,Pass
STU0805,Diya Varma,Civil,MSc Data Science,Wayanad,22,45,51,32,43,193,38.6,D,Fail
STU0806,Aditya Singh,Data Science,MCA,Kannur,43,96,78,20,84,321,64.2,B,Fail
STU0807,Nikhil Ali,Electronics,MCA,Malappuram,77,89,55,58,88,367,73.4,B+,Pass
STU0808,Sneha Das,Civil,BSc CS,Kannur,58,96,69,81,94,398,79.6,B+,Pass
STU0809,Naveen Kumar,Electronics,BSc CS,Kochi,81,45,89,28,37,280,56,C,Fail
STU0810,Dev Bose,Electronics,BSc CS,Kozhikode,85,49,99,61,42,336,67.2,B,Pass
STU0811,Sneha Das,Computer Science,MSc Data Science,Kollam,57,87,21,56,24,245,49,D,Fail
STU0812,Aisha Varma,Mechanical,MSc Data Science,Kottayam,76,71,43,93,25,308,61.6,B,Fail
STU0813,Diya Rao,Mechanical,BCom,Kozhikode,20,36,46,78,72,252,50.4,C,Fail
STU0814,Naveen Bose,Mechanical,MCA,Palakkad,22,44,94,78,33,271,54.2,C,Fail
STU0815,Kiran Joseph,Commerce,BCA,Trivandrum,38,68,37,93,52,288,57.6,C,Pass
STU0816,Diya Kumar,Civil,BTech,Kochi,34,26,46,31,48,185,37,D,Fail
STU0817,Nikhil Kumar,Electrical,BBA,Kozhikode,30,82,44,38,77,271,54.2,C,Fail
STU0818,Riya Thomas,Civil,MSc Data Science,Kochi,33,47,21,90,60,251,50.2,C,Fail
STU0819,Priya Ali,Mechanical,MSc Data Science,Kannur,36,86,67,34,50,273,54.6,C,Fail
STU0820,Vivaan Joseph,Commerce,BCA,Malappuram,36,73,76,45,48,278,55.6,C,Pass
STU0821,Vivaan Joseph,Commerce,BSc CS,Kozhikode,82,31,99,79,96,387,77.4,B+,Fail
STU0822,Riya Bose,Commerce,MCA,Kochi,85,62,39,98,71,355,71,B+,Pass
STU0823,Aarav Sharma,Electrical,BBA,Trivandrum,41,21,94,62,24,242,48.4,D,Fail
STU0824,Kiran Das,Business Administration,MCA,Kozhikode,66,88,37,34,36,261,52.2,C,Fail
STU0825,Farhan Joseph,Commerce,BTech,Malappuram,53,87,68,84,99,391,78.2,B+,Pass
STU0826,Akash Singh,Electrical,BTech,Malappuram,75,76,48,32,28,259,51.8,C,Fail
STU0827,Neha Das,Computer Science,MCA,Palakkad,90,26,58,83,91,348,69.6,B,Fail
STU0828,Farhan Ali,Civil,Diploma,Trivandrum,67,47,40,94,25,273,54.6,C,Fail
STU0829,Nikhil Joseph,Computer Science,BCA,Wayanad,46,79,84,91,24,324,64.8,B,Fail
STU0830,Nikhil Joseph,Commerce,BBA,Thrissur,89,56,77,88,77,387,77.4,B+,Pass
STU0831,Gokul Ali,Business Administration,Diploma,Thrissur,31,72,77,35,93,308,61.6,B,Fail
STU0832,Nikhil Iyer,Electronics,BCom,Palakkad,68,50,26,81,75,300,60,B,Fail
STU0833,Sneha Bose,Electrical,BCom,Trivandrum,65,92,26,67,58,308,61.6,B,Fail
STU0834,Arjun Singh,Mechanical,BSc CS,Palakkad,21,48,64,74,41,248,49.6,D,Fail
STU0835,Naveen Rao,Mechanical,BSc CS,Trivandrum,90,88,32,64,78,352,70.4,B+,Fail
STU0836,Diya Gupta,Civil,MSc Data Science,Kannur,52,24,25,24,63,188,37.6,D,Fail
STU0837,Aarav Ali,Data Science,BSc CS,Kollam,63,46,21,62,64,256,51.2,C,Fail
STU0838,Arjun Patel,Data Science,Diploma,Kollam,64,46,57,88,62,317,63.4,B,Pass
STU0839,Gokul Nair,Civil,BBA,Thrissur,29,99,58,68,20,274,54.8,C,Fail
STU0840,Rahul Gupta,Commerce,BSc CS,Kozhikode,49,73,90,98,54,364,72.8,B+,Pass
STU0841,Vivaan Rao,Commerce,BCA,Kozhikode,84,28,50,62,98,322,64.4,B,Fail
STU0842,Ananya Iyer,Data Science,BTech,Kochi,38,26,64,56,98,282,56.4,C,Fail
STU0843,Priya Bose,Electronics,BTech,Wayanad,29,40,50,84,36,239,47.8,D,Fail
STU0844,Sneha Singh,Commerce,BTech,Palakkad,26,52,86,32,36,232,46.4,D,Fail
STU0845,Meera Joseph,Civil,MCA,Wayanad,36,44,93,51,35,259,51.8,C,Pass
STU0846,Dev Bose,Computer Science,BSc CS,Kochi,87,94,72,36,37,326,65.2,B,Pass
STU0847,Rahul Singh,Electronics,MSc Data Science,Kannur,23,70,23,82,37,235,47,D,Fail
STU0848,Meera Varma,Business Administration,BSc CS,Wayanad,21,59,75,58,80,293,58.6,C,Fail
STU0849,Priya Varma,Commerce,MCA,Wayanad,54,93,38,46,57,288,57.6,C,Pass
STU0850,Aditya Ali,Mechanical,BTech,Kannur,23,99,36,39,84,281,56.2,C,Fail
STU0851,Aisha Rao,Mechanical,BCom,Kollam,81,56,62,58,84,341,68.2,B,Pass
STU0852,Kiran Sharma,Data Science,MCA,Trivandrum,89,90,90,98,83,450,90,A+,Pass
STU0853,Gokul Patel,Business Administration,BSc CS,Thrissur,84,78,52,95,95,404,80.8,A,Pass
STU0854,Ananya Patel,Electronics,MSc Data Science,Kannur,93,91,67,68,49,368,73.6,B+,Pass
STU0855,Diya Patel,Electrical,BCom,Malappuram,83,59,48,37,52,279,55.8,C,Pass
STU0856,Rahul Joseph,Electrical,BTech,Kollam,41,91,67,66,20,285,57,C,Fail
STU0857,Vivaan Varma,Electrical,BTech,Kottayam,89,100,72,20,44,325,65,B,Fail
STU0858,Akash Gupta,Business Administration,BTech,Wayanad,99,42,79,52,50,322,64.4,B,Pass
STU0859,Priya Ali,Data Science,Diploma,Thrissur,30,44,31,65,37,207,41.4,D,Fail
STU0860,Diya Varma,Mechanical,MSc Data Science,Kochi,40,44,52,45,40,221,44.2,D,Pass
STU0861,Aarav Das,Commerce,MCA,Kochi,38,40,96,50,85,309,61.8,B,Pass
STU0862,Gokul Sharma,Civil,BBA,Thrissur,41,35,88,61,70,295,59,C,Pass
STU0863,Diya Ali,Computer Science,BCom,Kottayam,47,25,45,81,64,262,52.4,C,Fail
STU0864,Aditya Das,Computer Science,BCom,Kochi,35,52,92,91,31,301,60.2,B,Fail
STU0865,Farhan Varma,Business Administration,MSc Data Science,Kochi,24,100,47,57,51,279,55.8,C,Fail
STU0866,Dev Thomas,Computer Science,BCA,Wayanad,36,42,73,66,97,314,62.8,B,Pass
STU0867,Ananya Joseph,Civil,MCA,Malappuram,26,24,80,64,34,228,45.6,D,Fail
STU0868,Neha Das,Electrical,BBA,Palakkad,53,81,98,51,53,336,67.2,B,Pass
STU0869,Nikhil Nair,Data Science,BCA,Kochi,39,29,63,55,99,285,57,C,Fail
STU0870,Riya Nair,Computer Science,BTech,Malappuram,81,89,48,25,56,299,59.8,C,Fail
STU0871,Riya Bose,Computer Science,Diploma,Kollam,33,68,26,50,75,252,50.4,C,Fail
STU0872,Farhan Bose,Computer Science,Diploma,Kottayam,48,52,93,72,89,354,70.8,B+,Pass
STU0873,Akash Joseph,Data Science,BCA,Kozhikode,74,72,42,95,52,335,67,B,Pass
STU0874,Kiran Joseph,Computer Science,BCA,Malappuram,85,39,64,78,22,288,57.6,C,Fail
STU0875,Priya Das,Electronics,BBA,Kochi,71,37,81,46,78,313,62.6,B,Pass
STU0876,Neha Joseph,Electronics,BBA,Wayanad,43,45,59,70,97,314,62.8,B,Pass
STU0877,Gokul Iyer,Electronics,BTech,Kannur,70,92,81,24,28,295,59,C,Fail
STU0878,Aisha Kumar,Electrical,BBA,Palakkad,58,79,46,82,75,340,68,B,Pass
STU0879,Aditya Gupta,Electronics,Diploma,Kannur,40,81,78,58,38,295,59,C,Pass
STU0880,Arjun Nair,Business Administration,BCom,Wayanad,84,59,42,73,60,318,63.6,B,Pass
STU0881,Aisha Menon,Business Administration,BSc CS,Kottayam,77,67,33,73,60,310,62,B,Fail
STU0882,Kiran Nair,Computer Science,BCA,Kottayam,34,34,73,38,80,259,51.8,C,Fail
STU0883,Aarav Iyer,Mechanical,BTech,Kochi,93,95,59,80,46,373,74.6,B+,Pass
STU0884,Gokul Iyer,Electrical,BSc CS,Kollam,41,38,43,98,64,284,56.8,C,Pass
STU0885,Riya Rao,Electronics,MCA,Kannur,43,65,83,74,33,298,59.6,C,Fail
STU0886,Aarav Gupta,Mechanical,Diploma,Kannur,65,44,57,84,38,288,57.6,C,Pass
STU0887,Aditya Kumar,Mechanical,MCA,Kozhikode,59,87,26,44,56,272,54.4,C,Fail
STU0888,Gokul Varma,Computer Science,BSc CS,Thrissur,40,42,55,35,96,268,53.6,C,Pass
STU0889,Akash Gupta,Electronics,MSc Data Science,Thrissur,54,24,100,96,42,316,63.2,B,Fail
STU0890,Aisha Das,Computer Science,BSc CS,Malappuram,65,26,20,78,64,253,50.6,C,Fail
STU0891,Riya Thomas,Commerce,BBA,Thrissur,84,50,88,89,80,391,78.2,B+,Pass
STU0892,Aarav Joseph,Business Administration,BTech,Malappuram,93,95,80,90,26,384,76.8,B+,Fail
STU0893,Kiran Ali,Electrical,Diploma,Trivandrum,21,49,74,99,33,276,55.2,C,Fail
STU0894,Kiran Menon,Data Science,BTech,Kollam,96,99,28,71,63,357,71.4,B+,Fail
STU0895,Diya Varma,Data Science,BCom,Malappuram,72,33,93,58,78,334,66.8,B,Fail
STU0896,Riya Gupta,Mechanical,BCA,Thrissur,77,96,86,30,77,366,73.2,B+,Fail
STU0897,Aisha Kumar,Civil,MCA,Palakkad,71,92,80,77,30,350,70,B+,Fail
STU0898,Dev Patel,Civil,Diploma,Malappuram,61,95,59,90,92,397,79.4,B+,Pass
STU0899,Arjun Ali,Electronics,BCA,Trivandrum,55,73,46,58,22,254,50.8,C,Fail
STU0900,Arjun Singh,Business Administration,BTech,Kannur,33,39,92,47,100,311,62.2,B,Fail
STU0901,Dev Joseph,Mechanical,Diploma,Trivandrum,28,65,99,97,37,326,65.2,B,Fail
STU0902,Vivaan Das,Business Administration,BCA,Wayanad,41,87,59,36,38,261,52.2,C,Pass
STU0903,Priya Menon,Data Science,BBA,Kozhikode,52,97,24,46,52,271,54.2,C,Fail
STU0904,Nikhil Kumar,Electrical,BCA,Kozhikode,45,38,74,75,87,319,63.8,B,Pass
STU0905,Aditya Bose,Business Administration,BCA,Wayanad,98,92,64,29,25,308,61.6,B,Fail
STU0906,Gokul Rao,Computer Science,BTech,Kannur,46,61,88,73,42,310,62,B,Pass
STU0907,Sneha Ali,Electronics,MSc Data Science,Kannur,36,78,81,41,45,281,56.2,C,Pass
STU0908,Meera Patel,Mechanical,BTech,Kozhikode,61,70,67,29,97,324,64.8,B,Fail
STU0909,Aditya Rao,Business Administration,BCom,Kollam,83,26,49,79,84,321,64.2,B,Fail
STU0910,Priya Das,Civil,BBA,Trivandrum,69,91,96,57,58,371,74.2,B+,Pass
STU0911,Akash Rao,Civil,BBA,Kochi,68,78,76,75,94,391,78.2,B+,Pass
STU0912,Sneha Thomas,Computer Science,MCA,Palakkad,33,41,31,71,34,210,42,D,Fail
STU0913,Nikhil Gupta,Electronics,BBA,Wayanad,54,43,81,98,28,304,60.8,B,Fail
STU0914,Aisha Iyer,Data Science,Diploma,Malappuram,72,79,90,75,77,393,78.6,B+,Pass
STU0915,Gokul Joseph,Computer Science,BBA,Kottayam,52,93,53,32,54,284,56.8,C,Fail
STU0916,Priya Thomas,Electrical,BCom,Thrissur,65,90,23,69,46,293,58.6,C,Fail
STU0917,Neha Ali,Mechanical,BSc CS,Kannur,24,33,100,76,31,264,52.8,C,Fail
STU0918,Riya Varma,Electrical,BBA,Wayanad,77,45,50,62,40,274,54.8,C,Pass
STU0919,Riya Patel,Civil,MCA,Trivandrum,33,31,61,25,90,240,48,D,Fail
STU0920,Naveen Menon,Electrical,BSc CS,Kollam,49,43,75,86,100,353,70.6,B+,Pass
STU0921,Arjun Patel,Data Science,BTech,Kollam,65,85,29,96,49,324,64.8,B,Fail
STU0922,Arjun Das,Civil,BCom,Kottayam,53,63,25,39,24,204,40.8,D,Fail
STU0923,Vivaan Joseph,Data Science,BCA,Kochi,62,46,25,42,56,231,46.2,D,Fail
STU0924,Neha Varma,Commerce,BSc CS,Thrissur,75,45,61,61,86,328,65.6,B,Pass
STU0925,Aisha Nair,Business Administration,BCom,Palakkad,58,65,37,96,21,277,55.4,C,Fail
STU0926,Vivaan Nair,Computer Science,MCA,Kochi,75,68,49,89,96,377,75.4,B+,Pass
STU0927,Aisha Rao,Computer Science,BBA,Kottayam,99,49,33,99,85,365,73,B+,Fail
STU0928,Dev Patel,Mechanical,BCA,Thrissur,95,79,43,24,96,337,67.4,B,Fail
STU0929,Nikhil Rao,Electronics,BSc CS,Kottayam,41,89,82,78,89,379,75.8,B+,Pass
STU0930,Kiran Das,Electronics,BCA,Kochi,82,28,55,95,48,308,61.6,B,Fail
STU0931,Meera Thomas,Mechanical,MCA,Kottayam,23,80,56,59,29,247,49.4,D,Fail
STU0932,Akash Joseph,Mechanical,MCA,Trivandrum,44,23,47,74,78,266,53.2,C,Fail
STU0933,Ananya Rao,Commerce,BSc CS,Trivandrum,20,74,28,47,44,213,42.6,D,Fail
STU0934,Aditya Rao,Computer Science,BCom,Kottayam,73,20,37,57,87,274,54.8,C,Fail
STU0935,Neha Iyer,Electronics,BBA,Kannur,50,94,72,60,54,330,66,B,Pass
STU0936,Diya Kumar,Computer Science,BCom,Palakkad,84,21,98,74,36,313,62.6,B,Fail
STU0937,Meera Patel,Commerce,BBA,Kottayam,21,93,69,77,36,296,59.2,C,Fail
STU0938,Farhan Ali,Mechanical,MCA,Thrissur,69,86,99,20,74,348,69.6,B,Fail
STU0939,Farhan Joseph,Electrical,BSc CS,Palakkad,68,31,93,46,86,324,64.8,B,Fail
STU0940,Naveen Singh,Data Science,MSc Data Science,Wayanad,94,67,53,78,100,392,78.4,B+,Pass
STU0941,Aditya Bose,Commerce,Diploma,Kannur,58,49,43,96,50,296,59.2,C,Pass
STU0942,Naveen Gupta,Civil,BTech,Kollam,80,90,93,33,62,358,71.6,B+,Fail
STU0943,Priya Sharma,Business Administration,MSc Data Science,Palakkad,44,43,71,64,66,288,57.6,C,Pass
STU0944,Farhan Joseph,Data Science,BBA,Kottayam,35,22,75,59,23,214,42.8,D,Fail
STU0945,Neha Sharma,Civil,MSc Data Science,Kochi,78,26,39,87,61,291,58.2,C,Fail
STU0946,Kiran Rao,Commerce,BTech,Thrissur,93,28,60,81,95,357,71.4,B+,Fail
STU0947,Aditya Kumar,Commerce,BSc CS,Kozhikode,56,89,39,49,28,261,52.2,C,Fail
STU0948,Meera Thomas,Electronics,MCA,Kottayam,58,64,99,50,82,353,70.6,B+,Pass
STU0949,Akash Nair,Commerce,BCom,Kannur,94,57,65,31,61,308,61.6,B,Fail
STU0950,Vivaan Nair,Business Administration,MSc Data Science,Kozhikode,64,74,28,75,33,274,54.8,C,Fail
STU0951,Sneha Iyer,Electronics,BSc CS,Malappuram,79,93,63,70,60,365,73,B+,Pass
STU0952,Sneha Ali,Business Administration,BTech,Palakkad,72,45,47,75,70,309,61.8,B,Pass
STU0953,Farhan Gupta,Mechanical,BBA,Kottayam,91,67,38,95,97,388,77.6,B+,Pass
STU0954,Vivaan Nair,Commerce,BCom,Kollam,52,85,97,91,61,386,77.2,B+,Pass
STU0955,Neha Thomas,Business Administration,MSc Data Science,Thrissur,90,51,22,60,64,287,57.4,C,Fail
STU0956,Farhan Bose,Civil,MSc Data Science,Malappuram,57,36,100,94,72,359,71.8,B+,Pass
STU0957,Dev Rao,Mechanical,BBA,Trivandrum,55,32,68,94,44,293,58.6,C,Fail
STU0958,Nikhil Bose,Business Administration,BBA,Trivandrum,56,27,91,61,90,325,65,B,Fail
STU0959,Riya Das,Electronics,BTech,Palakkad,77,72,47,88,56,340,68,B,Pass
STU0960,Ananya Varma,Computer Science,BTech,Kozhikode,75,25,40,96,69,305,61,B,Fail
STU0961,Ananya Kumar,Data Science,BBA,Kozhikode,48,34,30,45,88,245,49,D,Fail
STU0962,Dev Thomas,Mechanical,BTech,Wayanad,86,100,61,24,47,318,63.6,B,Fail
STU0963,Ananya Varma,Electrical,BBA,Kollam,28,92,83,47,74,324,64.8,B,Fail
STU0964,Rahul Thomas,Commerce,Diploma,Palakkad,59,37,81,34,83,294,58.8,C,Fail
STU0965,Aarav Kumar,Commerce,BSc CS,Kannur,46,42,87,52,66,293,58.6,C,Pass
STU0966,Ananya Das,Commerce,Diploma,Malappuram,79,71,50,24,85,309,61.8,B,Fail
STU0967,Dev Joseph,Data Science,BCom,Trivandrum,73,85,96,40,33,327,65.4,B,Fail
STU0968,Naveen Iyer,Data Science,BSc CS,Palakkad,56,76,60,73,47,312,62.4,B,Pass
STU0969,Diya Bose,Business Administration,MSc Data Science,Kollam,82,78,29,94,28,311,62.2,B,Fail
STU0970,Neha Singh,Computer Science,BSc CS,Kottayam,64,24,69,60,60,277,55.4,C,Fail
STU0971,Aarav Bose,Civil,Diploma,Kozhikode,49,39,49,77,44,258,51.6,C,Pass
STU0972,Neha Varma,Civil,BSc CS,Wayanad,28,79,78,87,50,322,64.4,B,Fail
STU0973,Kiran Nair,Electrical,MCA,Wayanad,45,54,26,96,99,320,64,B,Fail
STU0974,Vivaan Rao,Mechanical,BCom,Kannur,57,74,59,27,51,268,53.6,C,Fail
STU0975,Vivaan Kumar,Commerce,Diploma,Thrissur,34,57,91,86,55,323,64.6,B,Fail
STU0976,Diya Bose,Data Science,MSc Data Science,Kochi,38,91,52,53,42,276,55.2,C,Pass
STU0977,Aisha Gupta,Civil,BBA,Kottayam,76,64,60,42,57,299,59.8,C,Pass
STU0978,Neha Gupta,Commerce,BTech,Palakkad,53,79,75,37,21,265,53,C,Fail
STU0979,Akash Bose,Mechanical,BBA,Thrissur,70,61,82,22,44,279,55.8,C,Fail
STU0980,Priya Thomas,Commerce,BBA,Wayanad,43,88,74,68,90,363,72.6,B+,Pass
STU0981,Nikhil Ali,Business Administration,BCom,Kollam,89,57,40,87,39,312,62.4,B,Pass
STU0982,Kiran Rao,Electronics,BCA,Kollam,38,94,54,45,26,257,51.4,C,Fail
STU0983,Priya Kumar,Mechanical,BBA,Malappuram,95,71,77,60,44,347,69.4,B,Pass
STU0984,Sneha Sharma,Computer Science,MSc Data Science,Kozhikode,32,45,77,85,39,278,55.6,C,Fail
STU0985,Vivaan Thomas,Business Administration,MSc Data Science,Palakkad,96,63,28,30,53,270,54,C,Fail
STU0986,Diya Ali,Computer Science,BSc CS,Kozhikode,79,39,71,74,40,303,60.6,B,Pass
STU0987,Aditya Varma,Business Administration,BCom,Kannur,41,59,80,60,55,295,59,C,Pass
STU0988,Naveen Ali,Civil,Diploma,Kochi,44,90,34,80,22,270,54,C,Fail
STU0989,Aarav Kumar,Data Science,MCA,Kozhikode,96,72,42,83,49,342,68.4,B,Pass
STU0990,Neha Bose,Computer Science,BCA,Malappuram,83,63,78,60,70,354,70.8,B+,Pass
STU0991,Diya Kumar,Data Science,MCA,Kochi,87,62,95,74,92,410,82,A,Pass
STU0992,Naveen Das,Civil,MSc Data Science,Kozhikode,37,67,44,66,93,307,61.4,B,Pass
STU0993,Priya Thomas,Business Administration,Diploma,Kannur,60,68,39,74,99,340,68,B,Pass
STU0994,Aisha Thomas,Mechanical,BCom,Trivandrum,72,25,69,88,89,343,68.6,B,Fail
STU0995,Priya Singh,Commerce,Diploma,Palakkad,84,87,59,83,58,371,74.2,B+,Pass
STU0996,Diya Nair,Commerce,BTech,Palakkad,63,85,69,36,24,277,55.4,C,Fail
STU0997,Kiran Menon,Mechanical,BTech,Malappuram,62,76,61,69,71,339,67.8,B,Pass
STU0998,Aisha Thomas,Commerce,BSc CS,Kollam,58,85,72,90,74,379,75.8,B+,Pass
STU0999,Diya Iyer,Commerce,BTech,Wayanad,99,60,87,46,38,330,66,B,Pass
STU1000,Sneha Patel,Electrical,BCA,Palakkad,98,91,94,72,47,402,80.4,A,Pass
STU1001,Riya Iyer,Electrical,MCA,Kollam,33,37,96,58,89,313,62.6,B,Fail
STU1002,Akash Nair,Civil,BBA,Trivandrum,93,75,95,52,68,383,76.6,B+,Pass
STU1003,Ananya Nair,Business Administration,BCom,Kochi,62,63,40,100,100,365,73,B+,Pass
STU1004,Meera Thomas,Mechanical,BCom,Malappuram,92,65,66,48,83,354,70.8,B+,Pass
STU1005,Sneha Kumar,Computer Science,BBA,Malappuram,69,65,65,72,28,299,59.8,C,Fail
STU1006,Priya Gupta,Commerce,BCA,Wayanad,37,44,32,24,73,210,42,D,Fail
STU1007,Arjun Ali,Data Science,BCA,Wayanad,83,38,62,99,66,348,69.6,B,Pass
STU1008,Aarav Gupta,Civil,Diploma,Wayanad,84,70,91,68,22,335,67,B,Fail
STU1009,Aarav Gupta,Computer Science,BCom,Kottayam,56,55,62,69,57,299,59.8,C,Pass
STU1010,Arjun Kumar,Electronics,MSc Data Science,Thrissur,67,53,42,63,98,323,64.6,B,Pass
STU1011,Akash Thomas,Commerce,Diploma,Kottayam,77,82,92,76,90,417,83.4,A,Pass
STU1012,Sneha Kumar,Mechanical,BSc CS,Kollam,39,58,38,90,24,249,49.8,D,Fail
STU1013,Akash Nair,Mechanical,BSc CS,Kottayam,54,43,31,78,39,245,49,D,Fail
STU1014,Gokul Ali,Electrical,BSc CS,Trivandrum,51,61,76,87,36,311,62.2,B,Pass
STU1015,Sneha Varma,Civil,BCA,Kannur,75,71,58,42,22,268,53.6,C,Fail
STU1016,Neha Patel,Data Science,BCom,Malappuram,49,49,46,79,94,317,63.4,B,Pass
STU1017,Arjun Bose,Data Science,BCA,Kottayam,93,93,78,48,21,333,66.6,B,Fail
STU1018,Akash Iyer,Civil,BSc CS,Wayanad,73,85,31,38,55,282,56.4,C,Fail
STU1019,Diya Bose,Data Science,BBA,Kannur,70,54,70,99,66,359,71.8,B+,Pass
STU1020,Priya Varma,Civil,BTech,Thrissur,71,89,62,85,30,337,67.4,B,Fail
STU1021,Meera Bose,Mechanical,BTech,Kozhikode,49,99,34,61,69,312,62.4,B,Fail
STU1022,Aarav Nair,Computer Science,BCom,Trivandrum,88,55,67,48,85,343,68.6,B,Pass
STU1023,Aisha Das,Commerce,Diploma,Kozhikode,40,59,74,77,80,330,66,B,Pass
STU1024,Meera Singh,Commerce,BCA,Kannur,72,82,100,77,21,352,70.4,B+,Fail
STU1025,Priya Varma,Computer Science,BBA,Kannur,52,92,76,63,47,330,66,B,Pass
STU1026,Diya Patel,Business Administration,BCA,Kochi,85,98,26,39,69,317,63.4,B,Fail
STU1027,Riya Singh,Civil,MSc Data Science,Thrissur,88,33,53,34,78,286,57.2,C,Fail
STU1028,Priya Joseph,Mechanical,MCA,Thrissur,71,48,88,38,98,343,68.6,B,Pass
STU1029,Naveen Menon,Commerce,BSc CS,Kottayam,66,95,35,53,69,318,63.6,B,Pass
STU1030,Aarav Varma,Mechanical,BCA,Kollam,83,86,61,21,90,341,68.2,B,Fail
STU1031,Meera Singh,Computer Science,BSc CS,Thrissur,79,60,50,64,96,349,69.8,B,Pass
STU1032,Meera Patel,Mechanical,MCA,Malappuram,68,83,63,99,94,407,81.4,A,Pass
STU1033,Aditya Das,Electrical,MSc Data Science,Wayanad,96,94,58,64,71,383,76.6,B+,Pass
STU1034,Nikhil Das,Civil,BBA,Kottayam,97,61,74,86,59,377,75.4,B+,Pass
STU1035,Neha Ali,Electrical,MCA,Malappuram,98,46,74,23,81,322,64.4,B,Fail
STU1036,Vivaan Iyer,Business Administration,BCA,Kochi,52,89,68,84,41,334,66.8,B,Pass
STU1037,Sneha Gupta,Electronics,BBA,Trivandrum,99,89,53,28,78,347,69.4,B,Fail
STU1038,Vivaan Nair,Mechanical,MSc Data Science,Kozhikode,25,40,25,61,69,220,44,D,Fail
STU1039,Riya Kumar,Electronics,MSc Data Science,Kozhikode,21,62,88,88,24,283,56.6,C,Fail
STU1040,Vivaan Menon,Civil,MCA,Kozhikode,81,30,77,58,80,326,65.2,B,Fail
STU1041,Aisha Gupta,Electrical,MCA,Kottayam,36,75,70,24,55,260,52,C,Fail
STU1042,Riya Ali,Electronics,MCA,Kochi,30,40,32,26,62,190,38,D,Fail
STU1043,Arjun Sharma,Data Science,BTech,Kollam,81,74,66,43,42,306,61.2,B,Pass
STU1044,Akash Sharma,Computer Science,BTech,Kannur,37,35,20,46,20,158,31.6,F,Fail
STU1045,Priya Sharma,Commerce,BCom,Kannur,90,26,48,58,29,251,50.2,C,Fail
STU1046,Riya Rao,Mechanical,BCom,Kannur,70,82,68,68,27,315,63,B,Fail
STU1047,Meera Gupta,Business Administration,MCA,Palakkad,37,74,78,31,75,295,59,C,Fail
STU1048,Vivaan Joseph,Commerce,BBA,Thrissur,47,63,24,93,79,306,61.2,B,Fail
STU1049,Aditya Sharma,Electronics,BBA,Kottayam,75,33,61,55,26,250,50,C,Fail
STU1050,Neha Iyer,Computer Science,MCA,Palakkad,62,86,70,94,56,368,73.6,B+,Pass
STU1051,Priya Gupta,Electrical,Diploma,Malappuram,87,44,81,73,77,362,72.4,B+,Pass
STU1052,Nikhil Ali,Commerce,BTech,Wayanad,54,23,27,27,57,188,37.6,D,Fail
STU1053,Aditya Singh,Data Science,MCA,Kottayam,88,97,83,77,47,392,78.4,B+,Pass
STU1054,Nikhil Menon,Electronics,BTech,Trivandrum,97,90,73,61,94,415,83,A,Pass
STU1055,Farhan Singh,Computer Science,BCA,Thrissur,100,21,50,77,92,340,68,B,Fail
STU1056,Sneha Menon,Electronics,BCA,Kochi,23,92,40,32,48,235,47,D,Fail
STU1057,Diya Menon,Electronics,Diploma,Palakkad,29,92,85,28,65,299,59.8,C,Fail
STU1058,Neha Iyer,Civil,BSc CS,Kochi,63,27,61,64,30,245,49,D,Fail
STU1059,Diya Iyer,Business Administration,BCA,Kochi,69,34,25,56,89,273,54.6,C,Fail
STU1060,Gokul Sharma,Business Administration,BBA,Kannur,86,78,49,43,92,348,69.6,B,Pass
STU1061,Akash Sharma,Electronics,Diploma,Thrissur,20,71,88,21,62,262,52.4,C,Fail
STU1062,Aarav Patel,Electronics,BCA,Thrissur,33,24,94,63,38,252,50.4,C,Fail
STU1063,Diya Menon,Civil,BTech,Trivandrum,51,35,92,53,86,317,63.4,B,Pass
STU1064,Kiran Patel,Computer Science,BCom,Kottayam,90,56,77,49,23,295,59,C,Fail
STU1065,Ananya Thomas,Civil,BCA,Wayanad,47,38,23,68,52,228,45.6,D,Fail
STU1066,Arjun Nair,Data Science,BTech,Malappuram,26,24,55,92,30,227,45.4,D,Fail
STU1067,Riya Thomas,Electronics,Diploma,Palakkad,89,98,75,71,75,408,81.6,A,Pass
STU1068,Nikhil Gupta,Computer Science,MCA,Kollam,55,51,100,94,92,392,78.4,B+,Pass
STU1069,Meera Das,Electrical,BTech,Palakkad,38,88,28,88,93,335,67,B,Fail
STU1070,Ananya Joseph,Business Administration,BTech,Kochi,94,38,28,41,39,240,48,D,Fail
STU1071,Nikhil Das,Electronics,MSc Data Science,Kottayam,29,56,83,94,66,328,65.6,B,Fail
STU1072,Aisha Joseph,Electronics,MSc Data Science,Palakkad,85,68,27,78,96,354,70.8,B+,Fail
STU1073,Vivaan Iyer,Electrical,BCA,Trivandrum,87,32,33,57,39,248,49.6,D,Fail
STU1074,Priya Rao,Electronics,BBA,Palakkad,96,95,35,88,82,396,79.2,B+,Pass
STU1075,Nikhil Joseph,Civil,MSc Data Science,Malappuram,33,53,99,95,26,306,61.2,B,Fail
STU1076,Gokul Gupta,Electrical,MCA,Palakkad,80,62,79,35,37,293,58.6,C,Pass
STU1077,Sneha Varma,Commerce,BTech,Kottayam,35,38,92,73,81,319,63.8,B,Pass
STU1078,Neha Varma,Electronics,BTech,Malappuram,97,93,37,54,40,321,64.2,B,Pass
STU1079,Sneha Joseph,Electrical,Diploma,Malappuram,68,86,71,71,83,379,75.8,B+,Pass
STU1080,Diya Joseph,Mechanical,MCA,Kottayam,35,21,95,71,89,311,62.2,B,Fail
STU1081,Gokul Ali,Data Science,BCom,Kollam,97,46,71,36,97,347,69.4,B,Pass
STU1082,Aarav Sharma,Computer Science,BCA,Kollam,27,79,47,60,35,248,49.6,D,Fail
STU1083,Nikhil Menon,Civil,BBA,Wayanad,33,67,89,88,50,327,65.4,B,Fail
STU1084,Sneha Joseph,Mechanical,BCom,Trivandrum,62,65,44,61,94,326,65.2,B,Pass
STU1085,Aarav Sharma,Data Science,MSc Data Science,Wayanad,28,44,73,81,29,255,51,C,Fail
STU1086,Arjun Patel,Computer Science,Diploma,Kottayam,87,55,92,69,98,401,80.2,A,Pass
STU1087,Dev Singh,Data Science,Diploma,Kozhikode,76,31,65,95,70,337,67.4,B,Fail
STU1088,Dev Kumar,Electrical,BBA,Kannur,78,38,81,38,32,267,53.4,C,Fail
STU1089,Diya Nair,Data Science,BCom,Trivandrum,42,66,61,52,82,303,60.6,B,Pass
STU1090,Priya Joseph,Business Administration,BTech,Trivandrum,99,39,72,36,43,289,57.8,C,Pass
STU1091,Neha Patel,Commerce,BTech,Malappuram,92,57,91,29,25,294,58.8,C,Fail
STU1092,Kiran Bose,Computer Science,BCA,Kollam,30,91,28,38,33,220,44,D,Fail
STU1093,Vivaan Iyer,Business Administration,BCA,Kochi,44,23,98,64,53,282,56.4,C,Fail
STU1094,Neha Joseph,Data Science,BSc CS,Thrissur,22,76,60,77,59,294,58.8,C,Fail
STU1095,Aisha Ali,Computer Science,BCA,Trivandrum,44,100,65,31,88,328,65.6,B,Fail
STU1096,Rahul Gupta,Electronics,BBA,Kannur,34,48,77,38,96,293,58.6,C,Fail
STU1097,Aarav Menon,Civil,BCA,Thrissur,67,24,65,95,47,298,59.6,C,Fail
STU1098,Naveen Kumar,Business Administration,BTech,Trivandrum,55,51,85,82,60,333,66.6,B,Pass
STU1099,Ananya Nair,Commerce,MSc Data Science,Thrissur,25,58,71,92,93,339,67.8,B,Fail
STU1100,Naveen Patel,Civil,MCA,Kozhikode,80,74,95,69,29,347,69.4,B,Fail
STU1101,Kiran Rao,Business Administration,Diploma,Kollam,67,23,99,80,33,302,60.4,B,Fail
STU1102,Sneha Iyer,Computer Science,Diploma,Kollam,62,80,65,86,79,372,74.4,B+,Pass
STU1103,Aisha Bose,Business Administration,BTech,Kannur,54,74,69,29,55,281,56.2,C,Fail
STU1104,Nikhil Gupta,Commerce,MSc Data Science,Kollam,37,90,91,73,55,346,69.2,B,Pass
STU1105,Arjun Joseph,Mechanical,BCA,Malappuram,58,95,54,59,47,313,62.6,B,Pass
STU1106,Akash Joseph,Business Administration,BSc CS,Thrissur,93,51,35,40,23,242,48.4,D,Fail
STU1107,Riya Menon,Electronics,MCA,Kollam,91,36,92,45,88,352,70.4,B+,Pass
STU1108,Priya Varma,Data Science,BCA,Wayanad,51,98,76,76,96,397,79.4,B+,Pass
STU1109,Kiran Kumar,Mechanical,MCA,Kozhikode,60,65,33,38,30,226,45.2,D,Fail
STU1110,Neha Menon,Computer Science,MSc Data Science,Wayanad,63,81,58,57,92,351,70.2,B+,Pass
STU1111,Meera Iyer,Computer Science,BTech,Kollam,96,32,87,23,85,323,64.6,B,Fail
STU1112,Akash Ali,Business Administration,Diploma,Kozhikode,67,47,99,34,38,285,57,C,Fail
STU1113,Aditya Bose,Computer Science,BCom,Thrissur,56,61,32,25,87,261,52.2,C,Fail
STU1114,Aisha Iyer,Commerce,BCom,Kozhikode,92,85,87,84,21,369,73.8,B+,Fail
STU1115,Rahul Singh,Data Science,BTech,Kollam,88,98,25,40,62,313,62.6,B,Fail
STU1116,Vivaan Kumar,Business Administration,MSc Data Science,Kochi,54,56,85,82,30,307,61.4,B,Fail
STU1117,Nikhil Patel,Electronics,Diploma,Wayanad,68,50,39,50,93,300,60,B,Pass
STU1118,Riya Joseph,Civil,Diploma,Kottayam,62,55,91,90,82,380,76,B+,Pass
STU1119,Gokul Thomas,Electrical,MCA,Kottayam,87,56,94,70,66,373,74.6,B+,Pass
STU1120,Farhan Singh,Business Administration,BTech,Wayanad,72,46,60,97,77,352,70.4,B+,Pass
STU1121,Priya Kumar,Electrical,MSc Data Science,Malappuram,45,20,37,34,27,163,32.6,F,Fail
STU1122,Aisha Patel,Commerce,BCom,Palakkad,83,44,23,61,28,239,47.8,D,Fail
STU1123,Dev Sharma,Commerce,BTech,Kozhikode,90,52,26,46,48,262,52.4,C,Fail
STU1124,Naveen Joseph,Mechanical,MCA,Kozhikode,37,89,56,45,52,279,55.8,C,Pass
STU1125,Akash Sharma,Business Administration,Diploma,Malappuram,27,49,37,33,92,238,47.6,D,Fail
STU1126,Priya Bose,Data Science,BTech,Kottayam,89,82,33,79,59,342,68.4,B,Fail
STU1127,Rahul Das,Business Administration,BBA,Kozhikode,99,33,73,49,45,299,59.8,C,Fail
STU1128,Dev Das,Data Science,MCA,Thrissur,98,79,41,54,93,365,73,B+,Pass
STU1129,Aisha Singh,Business Administration,MSc Data Science,Palakkad,99,51,66,58,30,304,60.8,B,Fail
STU1130,Meera Joseph,Mechanical,BCom,Trivandrum,91,95,46,71,90,393,78.6,B+,Pass
STU1131,Diya Sharma,Data Science,BBA,Malappuram,66,40,52,60,55,273,54.6,C,Pass
STU1132,Gokul Iyer,Computer Science,Diploma,Kannur,83,32,60,20,34,229,45.8,D,Fail
STU1133,Rahul Sharma,Civil,MCA,Kannur,79,77,89,91,64,400,80,A,Pass
STU1134,Aarav Nair,Data Science,BSc CS,Kannur,72,83,100,100,76,431,86.2,A,Pass
STU1135,Nikhil Gupta,Civil,BCom,Kozhikode,54,86,53,71,69,333,66.6,B,Pass
STU1136,Aisha Bose,Data Science,Diploma,Malappuram,81,38,45,56,69,289,57.8,C,Pass
STU1137,Dev Rao,Computer Science,BTech,Palakkad,79,25,60,69,30,263,52.6,C,Fail
STU1138,Diya Singh,Electrical,BCA,Kollam,77,64,33,89,75,338,67.6,B,Fail
STU1139,Naveen Joseph,Commerce,BSc CS,Palakkad,39,79,72,63,77,330,66,B,Pass
STU1140,Neha Sharma,Civil,Diploma,Kozhikode,86,94,95,22,66,363,72.6,B+,Fail
STU1141,Kiran Sharma,Business Administration,MSc Data Science,Palakkad,64,44,33,62,78,281,56.2,C,Fail
STU1142,Aditya Joseph,Data Science,BCA,Trivandrum,80,49,58,75,44,306,61.2,B,Pass
STU1143,Dev Varma,Electronics,BSc CS,Trivandrum,46,93,77,34,59,309,61.8,B,Fail
STU1144,Vivaan Iyer,Commerce,BCom,Kannur,52,81,79,44,83,339,67.8,B,Pass
STU1145,Vivaan Gupta,Business Administration,BCom,Thrissur,44,36,40,47,52,219,43.8,D,Pass
STU1146,Farhan Rao,Mechanical,MSc Data Science,Kollam,81,33,97,35,72,318,63.6,B,Fail
STU1147,Ananya Singh,Electrical,BSc CS,Kottayam,40,20,55,89,45,249,49.8,D,Fail
STU1148,Meera Bose,Commerce,BBA,Thrissur,63,67,36,32,25,223,44.6,D,Fail
STU1149,Rahul Singh,Data Science,BTech,Kochi,89,32,87,58,45,311,62.2,B,Fail
STU1150,Neha Iyer,Mechanical,MCA,Trivandrum,95,90,72,61,63,381,76.2,B+,Pass
STU1151,Naveen Joseph,Commerce,MSc Data Science,Trivandrum,55,41,98,75,90,359,71.8,B+,Pass
STU1152,Meera Das,Mechanical,Diploma,Trivandrum,90,43,89,30,70,322,64.4,B,Fail
STU1153,Farhan Gupta,Data Science,BBA,Kochi,100,75,64,23,26,288,57.6,C,Fail
STU1154,Farhan Nair,Electronics,MCA,Palakkad,53,92,75,29,64,313,62.6,B,Fail
STU1155,Arjun Thomas,Civil,Diploma,Kannur,91,38,42,40,82,293,58.6,C,Pass
STU1156,Kiran Das,Civil,Diploma,Kannur,51,76,52,46,37,262,52.4,C,Pass
STU1157,Arjun Gupta,Computer Science,BBA,Malappuram,61,50,79,79,51,320,64,B,Pass
STU1158,Kiran Thomas,Business Administration,MSc Data Science,Kozhikode,55,76,91,42,95,359,71.8,B+,Pass
STU1159,Farhan Das,Business Administration,MCA,Trivandrum,59,98,31,61,94,343,68.6,B,Fail
STU1160,Aisha Iyer,Mechanical,MSc Data Science,Kannur,28,82,95,35,75,315,63,B,Fail
STU1161,Ananya Patel,Electronics,MCA,Palakkad,54,84,47,23,67,275,55,C,Fail
STU1162,Farhan Ali,Civil,BCA,Wayanad,87,67,49,55,30,288,57.6,C,Fail
STU1163,Farhan Nair,Computer Science,BCom,Palakkad,75,22,61,87,38,283,56.6,C,Fail
STU1164,Diya Das,Electrical,BTech,Kannur,20,57,37,97,41,252,50.4,C,Fail
STU1165,Aarav Rao,Computer Science,BTech,Palakkad,56,63,30,51,26,226,45.2,D,Fail
STU1166,Aisha Das,Civil,BSc CS,Trivandrum,89,100,60,44,77,370,74,B+,Pass
STU1167,Aisha Sharma,Electronics,MSc Data Science,Wayanad,57,49,93,31,93,323,64.6,B,Fail
STU1168,Priya Joseph,Electrical,BCA,Kottayam,41,65,58,38,27,229,45.8,D,Fail
STU1169,Arjun Kumar,Mechanical,MSc Data Science,Palakkad,81,32,65,47,33,258,51.6,C,Fail
STU1170,Arjun Gupta,Mechanical,BBA,Malappuram,39,88,83,48,32,290,58,C,Fail
STU1171,Ananya Gupta,Electronics,MSc Data Science,Kollam,79,58,73,80,51,341,68.2,B,Pass
STU1172,Gokul Joseph,Commerce,BTech,Kochi,91,71,85,72,56,375,75,B+,Pass
STU1173,Aarav Kumar,Electronics,MSc Data Science,Kannur,74,68,35,96,22,295,59,C,Fail
STU1174,Aditya Rao,Computer Science,MSc Data Science,Kochi,29,100,40,75,98,342,68.4,B,Fail
STU1175,Rahul Kumar,Mechanical,BTech,Wayanad,85,35,63,94,22,299,59.8,C,Fail
STU1176,Gokul Rao,Data Science,BTech,Kottayam,95,23,20,94,34,266,53.2,C,Fail
STU1177,Aditya Kumar,Civil,BBA,Kollam,67,41,29,56,37,230,46,D,Fail
STU1178,Naveen Gupta,Electrical,BCA,Thrissur,40,27,29,78,37,211,42.2,D,Fail
STU1179,Rahul Sharma,Commerce,Diploma,Kottayam,58,92,98,46,38,332,66.4,B,Pass
STU1180,Rahul Sharma,Civil,BCA,Kannur,64,64,26,82,79,315,63,B,Fail
STU1181,Aditya Varma,Civil,BCA,Kochi,26,64,30,54,68,242,48.4,D,Fail
STU1182,Farhan Varma,Business Administration,MCA,Kottayam,53,27,68,45,31,224,44.8,D,Fail
STU1183,Naveen Bose,Data Science,BCom,Wayanad,76,41,71,97,73,358,71.6,B+,Pass
STU1184,Aisha Kumar,Civil,BBA,Kochi,32,38,73,74,33,250,50,C,Fail
STU1185,Aditya Sharma,Computer Science,BCom,Kottayam,49,34,41,83,53,260,52,C,Fail
STU1186,Ananya Sharma,Computer Science,BBA,Kannur,68,48,43,28,82,269,53.8,C,Fail
STU1187,Kiran Menon,Commerce,Diploma,Trivandrum,96,87,34,36,39,292,58.4,C,Fail
STU1188,Rahul Joseph,Computer Science,BTech,Kannur,22,99,23,48,63,255,51,C,Fail
STU1189,Nikhil Patel,Mechanical,MSc Data Science,Wayanad,82,82,90,40,57,351,70.2,B+,Pass
STU1190,Farhan Singh,Electronics,BBA,Palakkad,72,26,89,77,23,287,57.4,C,Fail
STU1191,Aarav Iyer,Business Administration,BTech,Kottayam,70,74,62,97,22,325,65,B,Fail
STU1192,Rahul Ali,Electronics,BCA,Kochi,84,38,77,23,46,268,53.6,C,Fail
STU1193,Ananya Varma,Mechanical,BTech,Kannur,53,27,89,68,35,272,54.4,C,Fail
STU1194,Aditya Joseph,Commerce,MCA,Kannur,35,39,82,62,66,284,56.8,C,Pass
STU1195,Akash Nair,Civil,BSc CS,Trivandrum,83,43,38,90,43,297,59.4,C,Pass
STU1196,Aisha Kumar,Data Science,BSc CS,Kottayam,94,23,39,85,64,305,61,B,Fail
STU1197,Kiran Bose,Commerce,BBA,Kannur,97,100,81,99,78,455,91,A+,Pass
STU1198,Ananya Rao,Mechanical,MSc Data Science,Kochi,66,21,77,20,89,273,54.6,C,Fail
STU1199,Priya Ali,Mechanical,BSc CS,Kannur,47,98,52,26,90,313,62.6,B,Fail
STU1200,Riya Joseph,Electrical,BSc CS,Malappuram,77,27,93,94,28,319,63.8,B,Fail
STU1201,Farhan Ali,Business Administration,BTech,Kochi,72,96,67,23,92,350,70,B+,Fail
STU1202,Aisha Joseph,Data Science,BTech,Wayanad,75,74,83,99,85,416,83.2,A,Pass
STU1203,Nikhil Sharma,Electronics,BSc CS,Wayanad,77,59,58,46,72,312,62.4,B,Pass
STU1204,Aarav Kumar,Business Administration,MSc Data Science,Kottayam,34,68,70,30,79,281,56.2,C,Fail
STU1205,Aarav Ali,Business Administration,BBA,Kozhikode,75,92,56,56,62,341,68.2,B,Pass
STU1206,Ananya Thomas,Data Science,MCA,Thrissur,74,97,29,33,40,273,54.6,C,Fail
STU1207,Riya Gupta,Business Administration,BTech,Kannur,43,60,31,46,43,223,44.6,D,Fail
STU1208,Arjun Joseph,Mechanical,BCA,Thrissur,25,25,72,51,30,203,40.6,D,Fail
STU1209,Rahul Nair,Data Science,MCA,Kozhikode,36,84,59,35,46,260,52,C,Pass
STU1210,Meera Rao,Civil,MCA,Wayanad,59,64,46,48,41,258,51.6,C,Pass
STU1211,Farhan Thomas,Computer Science,BCom,Kozhikode,29,26,55,41,75,226,45.2,D,Fail
STU1212,Nikhil Thomas,Electrical,BTech,Wayanad,84,26,29,78,90,307,61.4,B,Fail
STU1213,Sneha Menon,Data Science,BSc CS,Trivandrum,58,28,76,65,21,248,49.6,D,Fail
STU1214,Aisha Kumar,Electronics,BBA,Kottayam,91,66,88,51,94,390,78,B+,Pass
STU1215,Sneha Menon,Commerce,BCA,Kollam,77,76,73,57,92,375,75,B+,Pass
STU1216,Meera Menon,Electronics,MSc Data Science,Wayanad,66,83,53,80,34,316,63.2,B,Fail
STU1217,Arjun Rao,Commerce,BBA,Kollam,73,29,89,56,21,268,53.6,C,Fail
STU1218,Rahul Bose,Electrical,Diploma,Trivandrum,20,66,90,84,27,287,57.4,C,Fail
STU1219,Arjun Kumar,Business Administration,Diploma,Kochi,97,53,67,40,89,346,69.2,B,Pass
STU1220,Aarav Rao,Commerce,MSc Data Science,Kottayam,70,54,35,59,44,262,52.4,C,Pass
STU1221,Gokul Varma,Electronics,BCA,Kozhikode,69,87,34,98,57,345,69,B,Fail
STU1222,Meera Gupta,Computer Science,MSc Data Science,Kochi,56,92,67,50,97,362,72.4,B+,Pass
STU1223,Naveen Patel,Electrical,BCA,Kannur,92,58,75,99,20,344,68.8,B,Fail
STU1224,Priya Ali,Civil,BCom,Kochi,91,44,69,33,77,314,62.8,B,Fail
STU1225,Sneha Menon,Civil,BTech,Kozhikode,85,78,60,80,26,329,65.8,B,Fail
STU1226,Sneha Joseph,Commerce,BBA,Wayanad,29,22,37,45,82,215,43,D,Fail
STU1227,Riya Iyer,Business Administration,Diploma,Trivandrum,85,47,63,63,65,323,64.6,B,Pass
STU1228,Naveen Das,Commerce,MSc Data Science,Kollam,81,69,79,44,62,335,67,B,Pass
STU1229,Arjun Das,Mechanical,BSc CS,Trivandrum,76,96,23,71,90,356,71.2,B+,Fail
STU1230,Ananya Singh,Civil,BCom,Kozhikode,61,26,81,40,45,253,50.6,C,Fail
STU1231,Arjun Bose,Electronics,BTech,Trivandrum,34,25,89,22,66,236,47.2,D,Fail
STU1232,Akash Gupta,Computer Science,BSc CS,Thrissur,96,27,79,40,61,303,60.6,B,Fail
STU1233,Riya Varma,Computer Science,MSc Data Science,Trivandrum,42,94,30,91,81,338,67.6,B,Fail
STU1234,Ananya Menon,Electrical,BSc CS,Trivandrum,83,89,55,24,26,277,55.4,C,Fail
STU1235,Gokul Iyer,Computer Science,BBA,Kochi,88,31,98,36,39,292,58.4,C,Fail
STU1236,Gokul Bose,Business Administration,MSc Data Science,Kottayam,67,67,100,38,67,339,67.8,B,Pass
STU1237,Farhan Rao,Data Science,BCA,Kollam,64,80,37,27,44,252,50.4,C,Fail
STU1238,Gokul Menon,Mechanical,Diploma,Wayanad,94,26,68,80,44,312,62.4,B,Fail
STU1239,Vivaan Ali,Business Administration,BSc CS,Kannur,94,27,90,65,90,366,73.2,B+,Fail
STU1240,Meera Joseph,Civil,BTech,Kochi,37,31,67,65,83,283,56.6,C,Fail
STU1241,Aisha Singh,Business Administration,BCom,Kottayam,100,62,79,33,98,372,74.4,B+,Fail
STU1242,Dev Iyer,Business Administration,BTech,Trivandrum,74,29,20,28,21,172,34.4,F,Fail
STU1243,Arjun Iyer,Mechanical,BCom,Trivandrum,97,31,66,22,39,255,51,C,Fail
STU1244,Sneha Iyer,Mechanical,MSc Data Science,Trivandrum,30,46,78,31,27,212,42.4,D,Fail
STU1245,Aisha Kumar,Electronics,BTech,Kochi,55,53,49,86,41,284,56.8,C,Pass
STU1246,Rahul Bose,Mechanical,BSc CS,Kollam,32,79,79,87,89,366,73.2,B+,Fail
STU1247,Akash Gupta,Civil,BTech,Kollam,85,64,86,57,95,387,77.4,B+,Pass
STU1248,Dev Gupta,Computer Science,MSc Data Science,Malappuram,30,41,25,54,97,247,49.4,D,Fail
STU1249,Farhan Singh,Electronics,BSc CS,Kollam,55,30,76,49,81,291,58.2,C,Fail
STU1250,Akash Iyer,Mechanical,BBA,Kottayam,91,79,49,46,100,365,73,B+,Pass
STU1251,Diya Nair,Computer Science,BTech,Trivandrum,77,54,78,62,60,331,66.2,B,Pass
STU1252,Vivaan Nair,Computer Science,BTech,Kochi,29,30,26,31,21,137,27.4,F,Fail
STU1253,Nikhil Singh,Electronics,BCA,Kochi,67,69,68,50,23,277,55.4,C,Fail
STU1254,Ananya Nair,Business Administration,MCA,Kozhikode,96,65,24,52,74,311,62.2,B,Fail
STU1255,Naveen Nair,Mechanical,BSc CS,Kollam,30,96,28,81,72,307,61.4,B,Fail
STU1256,Aarav Joseph,Civil,BCA,Kozhikode,81,60,77,85,52,355,71,B+,Pass
STU1257,Naveen Ali,Electronics,BBA,Malappuram,45,21,97,93,46,302,60.4,B,Fail
STU1258,Gokul Singh,Civil,BTech,Palakkad,75,23,46,23,60,227,45.4,D,Fail
STU1259,Sneha Menon,Computer Science,MSc Data Science,Malappuram,59,35,79,44,70,287,57.4,C,Pass
STU1260,Akash Menon,Electronics,BCA,Kottayam,48,81,80,80,62,351,70.2,B+,Pass
STU1261,Priya Nair,Electrical,BSc CS,Kozhikode,70,80,73,50,89,362,72.4,B+,Pass
STU1262,Arjun Sharma,Commerce,BCA,Kozhikode,59,72,63,91,36,321,64.2,B,Pass
STU1263,Ananya Singh,Business Administration,BCA,Kollam,33,63,52,99,99,346,69.2,B,Fail
STU1264,Vivaan Kumar,Commerce,BTech,Kollam,84,85,83,48,48,348,69.6,B,Pass
STU1265,Priya Kumar,Commerce,BCom,Kochi,89,66,56,43,77,331,66.2,B,Pass
STU1266,Aditya Gupta,Data Science,BCA,Malappuram,62,56,71,52,41,282,56.4,C,Pass
STU1267,Aditya Thomas,Civil,BCom,Kochi,59,37,59,44,37,236,47.2,D,Pass
STU1268,Priya Iyer,Electrical,BCA,Kannur,37,46,100,81,52,316,63.2,B,Pass
STU1269,Aisha Menon,Electrical,BCA,Wayanad,31,34,74,42,97,278,55.6,C,Fail
STU1270,Akash Varma,Commerce,BBA,Wayanad,98,62,46,88,58,352,70.4,B+,Pass
STU1271,Aarav Ali,Electrical,BSc CS,Kochi,77,26,34,79,60,276,55.2,C,Fail
STU1272,Rahul Nair,Business Administration,MSc Data Science,Malappuram,79,22,21,82,70,274,54.8,C,Fail
STU1273,Naveen Patel,Electrical,MSc Data Science,Wayanad,56,45,43,42,52,238,47.6,D,Pass
STU1274,Dev Iyer,Computer Science,MSc Data Science,Kozhikode,97,92,74,78,43,384,76.8,B+,Pass
STU1275,Priya Menon,Mechanical,BCA,Kozhikode,22,29,84,24,36,195,39,D,Fail
STU1276,Akash Rao,Business Administration,BTech,Kannur,93,99,74,35,25,326,65.2,B,Fail
STU1277,Farhan Thomas,Computer Science,BSc CS,Malappuram,63,31,97,72,24,287,57.4,C,Fail
STU1278,Dev Nair,Business Administration,BCA,Kottayam,58,62,68,91,41,320,64,B,Pass
STU1279,Akash Joseph,Mechanical,Diploma,Trivandrum,42,65,29,64,51,251,50.2,C,Fail
STU1280,Naveen Rao,Electronics,MSc Data Science,Thrissur,69,95,28,57,31,280,56,C,Fail
STU1281,Sneha Singh,Data Science,BCA,Kochi,57,99,28,66,86,336,67.2,B,Fail
STU1282,Priya Sharma,Mechanical,MSc Data Science,Kannur,25,38,52,93,94,302,60.4,B,Fail
STU1283,Vivaan Menon,Civil,Diploma,Kottayam,99,52,84,35,82,352,70.4,B+,Pass
STU1284,Neha Thomas,Commerce,BCA,Kollam,56,45,76,39,62,278,55.6,C,Pass
STU1285,Nikhil Gupta,Commerce,BBA,Wayanad,20,60,73,22,40,215,43,D,Fail
STU1286,Neha Singh,Commerce,Diploma,Palakkad,36,40,35,93,54,258,51.6,C,Pass
STU1287,Rahul Bose,Electronics,BSc CS,Kollam,59,33,23,91,65,271,54.2,C,Fail
STU1288,Diya Bose,Data Science,Diploma,Malappuram,22,57,72,66,63,280,56,C,Fail
STU1289,Naveen Rao,Civil,BTech,Malappuram,50,66,91,97,22,326,65.2,B,Fail
STU1290,Ananya Singh,Commerce,BBA,Malappuram,76,70,96,37,83,362,72.4,B+,Pass
STU1291,Nikhil Bose,Electrical,BTech,Kozhikode,83,78,34,40,59,294,58.8,C,Fail
STU1292,Neha Gupta,Electrical,BCA,Palakkad,45,56,70,52,63,286,57.2,C,Pass
STU1293,Diya Nair,Data Science,Diploma,Wayanad,38,98,64,53,93,346,69.2,B,Pass
STU1294,Vivaan Nair,Computer Science,Diploma,Kochi,51,55,37,70,39,252,50.4,C,Pass
STU1295,Dev Nair,Electrical,BTech,Kozhikode,93,57,83,49,66,348,69.6,B,Pass
STU1296,Ananya Menon,Electronics,BCA,Kozhikode,39,87,20,39,59,244,48.8,D,Fail
STU1297,Kiran Varma,Computer Science,MSc Data Science,Thrissur,60,33,61,82,49,285,57,C,Fail
STU1298,Kiran Singh,Computer Science,MSc Data Science,Malappuram,49,49,77,64,35,274,54.8,C,Pass
STU1299,Riya Menon,Data Science,BSc CS,Kottayam,31,75,42,81,34,263,52.6,C,Fail
STU1300,Farhan Sharma,Business Administration,MSc Data Science,Thrissur,95,46,54,94,64,353,70.6,B+,Pass
STU1301,Vivaan Nair,Computer Science,BTech,Kozhikode,43,65,56,78,80,322,64.4,B,Pass
STU1302,Vivaan Bose,Civil,BCom,Kochi,58,88,56,29,86,317,63.4,B,Fail
STU1303,Arjun Singh,Computer Science,Diploma,Kozhikode,71,61,24,22,69,247,49.4,D,Fail
STU1304,Ananya Singh,Electrical,BCom,Kottayam,82,26,23,59,70,260,52,C,Fail
STU1305,Farhan Menon,Mechanical,BCA,Palakkad,72,50,55,42,61,280,56,C,Pass
STU1306,Ananya Kumar,Civil,BCA,Kollam,47,36,87,89,99,358,71.6,B+,Pass
STU1307,Akash Kumar,Electrical,BBA,Kochi,58,70,89,92,57,366,73.2,B+,Pass
STU1308,Gokul Bose,Commerce,BTech,Palakkad,58,44,20,23,85,230,46,D,Fail
STU1309,Nikhil Kumar,Mechanical,Diploma,Kannur,93,92,24,86,95,390,78,B+,Fail
STU1310,Aditya Bose,Commerce,BCA,Wayanad,65,54,84,86,71,360,72,B+,Pass
STU1311,Nikhil Thomas,Electronics,BSc CS,Kollam,99,81,86,77,59,402,80.4,A,Pass
STU1312,Vivaan Joseph,Electrical,MSc Data Science,Palakkad,35,47,21,33,48,184,36.8,D,Fail
STU1313,Sneha Das,Electrical,BSc CS,Kollam,63,64,26,97,49,299,59.8,C,Fail
STU1314,Arjun Bose,Electrical,BCom,Kozhikode,52,55,29,77,84,297,59.4,C,Fail
STU1315,Aditya Nair,Electronics,BBA,Palakkad,69,90,55,92,94,400,80,A,Pass
STU1316,Riya Varma,Electronics,BSc CS,Kochi,96,77,51,65,94,383,76.6,B+,Pass
STU1317,Meera Thomas,Data Science,BCom,Kochi,60,70,86,64,56,336,67.2,B,Pass
STU1318,Nikhil Nair,Computer Science,MSc Data Science,Palakkad,31,29,84,34,63,241,48.2,D,Fail
STU1319,Neha Ali,Mechanical,Diploma,Kochi,21,21,43,85,44,214,42.8,D,Fail
STU1320,Priya Varma,Electrical,Diploma,Trivandrum,45,41,51,85,68,290,58,C,Pass
STU1321,Aditya Ali,Civil,BCA,Trivandrum,100,53,63,63,21,300,60,B,Fail
STU1322,Rahul Bose,Commerce,BSc CS,Palakkad,23,52,65,40,73,253,50.6,C,Fail
STU1323,Dev Sharma,Business Administration,Diploma,Palakkad,59,47,76,51,74,307,61.4,B,Pass
STU1324,Aisha Nair,Commerce,BCom,Kannur,81,92,59,100,60,392,78.4,B+,Pass
STU1325,Ananya Bose,Commerce,BCA,Kochi,62,80,34,66,51,293,58.6,C,Fail
STU1326,Dev Ali,Business Administration,BTech,Kollam,25,51,68,31,83,258,51.6,C,Fail
STU1327,Priya Varma,Civil,BCA,Trivandrum,68,29,58,47,25,227,45.4,D,Fail
STU1328,Arjun Nair,Electronics,BSc CS,Thrissur,96,74,71,94,39,374,74.8,B+,Pass
STU1329,Arjun Patel,Mechanical,BCA,Palakkad,96,34,21,59,48,258,51.6,C,Fail
STU1330,Arjun Thomas,Electronics,BCom,Kannur,32,59,29,79,89,288,57.6,C,Fail
STU1331,Priya Gupta,Electronics,MCA,Thrissur,73,91,67,23,94,348,69.6,B,Fail
STU1332,Aditya Gupta,Mechanical,BBA,Thrissur,66,47,64,98,59,334,66.8,B,Pass
STU1333,Neha Varma,Commerce,MSc Data Science,Kozhikode,97,50,26,81,61,315,63,B,Fail
STU1334,Diya Rao,Mechanical,MCA,Kottayam,97,69,30,54,94,344,68.8,B,Fail
STU1335,Aisha Singh,Business Administration,BSc CS,Palakkad,37,77,100,22,66,302,60.4,B,Fail
STU1336,Rahul Bose,Computer Science,BTech,Kottayam,53,59,76,35,36,259,51.8,C,Pass
STU1337,Vivaan Sharma,Data Science,BBA,Kollam,28,72,32,99,83,314,62.8,B,Fail
STU1338,Riya Sharma,Mechanical,BBA,Kottayam,81,78,72,98,83,412,82.4,A,Pass
STU1339,Priya Joseph,Mechanical,BCom,Kozhikode,83,94,21,64,77,339,67.8,B,Fail
STU1340,Gokul Varma,Computer Science,MSc Data Science,Kottayam,88,73,25,63,28,277,55.4,C,Fail
STU1341,Aditya Ali,Data Science,BCom,Malappuram,39,83,23,55,64,264,52.8,C,Fail
STU1342,Kiran Thomas,Commerce,BTech,Kollam,48,28,74,91,54,295,59,C,Fail
STU1343,Gokul Gupta,Computer Science,BCA,Wayanad,24,69,50,86,72,301,60.2,B,Fail
STU1344,Arjun Gupta,Commerce,BTech,Kozhikode,74,76,95,73,63,381,76.2,B+,Pass
STU1345,Diya Gupta,Business Administration,Diploma,Kochi,91,22,86,22,27,248,49.6,D,Fail
STU1346,Diya Singh,Electronics,BCA,Malappuram,34,22,72,76,36,240,48,D,Fail
STU1347,Neha Patel,Business Administration,MSc Data Science,Kollam,34,62,63,64,26,249,49.8,D,Fail
STU1348,Gokul Varma,Electronics,MCA,Kozhikode,72,89,59,45,43,308,61.6,B,Pass
STU1349,Aarav Patel,Data Science,MCA,Malappuram,88,46,41,28,75,278,55.6,C,Fail
STU1350,Riya Ali,Commerce,Diploma,Wayanad,98,99,52,51,49,349,69.8,B,Pass
STU1351,Kiran Menon,Mechanical,BSc CS,Malappuram,37,90,38,84,62,311,62.2,B,Pass
STU1352,Sneha Patel,Data Science,BCom,Kottayam,64,77,51,40,25,257,51.4,C,Fail
STU1353,Arjun Gupta,Commerce,Diploma,Trivandrum,29,83,48,82,94,336,67.2,B,Fail
STU1354,Priya Gupta,Business Administration,MCA,Palakkad,43,63,51,97,61,315,63,B,Pass
STU1355,Diya Menon,Data Science,MCA,Kochi,52,66,56,48,98,320,64,B,Pass
STU1356,Aisha Sharma,Data Science,BBA,Malappuram,33,86,46,75,92,332,66.4,B,Fail
STU1357,Vivaan Iyer,Civil,MCA,Wayanad,38,46,99,85,44,312,62.4,B,Pass
STU1358,Kiran Das,Computer Science,BSc CS,Wayanad,39,89,80,68,43,319,63.8,B,Pass
STU1359,Ananya Das,Commerce,BCom,Kochi,76,24,73,27,35,235,47,D,Fail
STU1360,Naveen Thomas,Civil,BTech,Thrissur,99,22,43,54,99,317,63.4,B,Fail
STU1361,Neha Gupta,Computer Science,MSc Data Science,Kollam,33,40,47,52,76,248,49.6,D,Fail
STU1362,Aditya Menon,Commerce,MCA,Thrissur,61,39,55,59,77,291,58.2,C,Pass
STU1363,Nikhil Bose,Mechanical,BCom,Malappuram,41,100,58,68,61,328,65.6,B,Pass
STU1364,Priya Varma,Data Science,MCA,Thrissur,20,95,30,61,49,255,51,C,Fail
STU1365,Meera Ali,Mechanical,BSc CS,Palakkad,62,28,51,91,48,280,56,C,Fail
STU1366,Sneha Sharma,Data Science,Diploma,Malappuram,58,35,33,79,97,302,60.4,B,Fail
STU1367,Sneha Iyer,Electronics,BCom,Wayanad,69,33,73,41,77,293,58.6,C,Fail
STU1368,Dev Patel,Civil,BCom,Thrissur,41,38,24,74,90,267,53.4,C,Fail
STU1369,Sneha Thomas,Electronics,MSc Data Science,Kochi,25,34,36,82,50,227,45.4,D,Fail
STU1370,Farhan Joseph,Civil,BBA,Kollam,60,97,33,71,78,339,67.8,B,Fail
STU1371,Aisha Patel,Commerce,BTech,Palakkad,93,86,54,96,98,427,85.4,A,Pass
STU1372,Aarav Rao,Computer Science,BCA,Kollam,90,33,94,53,89,359,71.8,B+,Fail
STU1373,Farhan Nair,Electronics,BSc CS,Thrissur,80,25,44,49,23,221,44.2,D,Fail
STU1374,Ananya Thomas,Computer Science,MSc Data Science,Malappuram,22,93,92,69,58,334,66.8,B,Fail
STU1375,Gokul Ali,Civil,BSc CS,Kollam,78,58,90,21,39,286,57.2,C,Fail
STU1376,Kiran Varma,Business Administration,MSc Data Science,Trivandrum,61,61,48,66,61,297,59.4,C,Pass
STU1377,Aarav Varma,Electrical,MSc Data Science,Thrissur,51,87,25,52,80,295,59,C,Fail
STU1378,Ananya Gupta,Commerce,Diploma,Kollam,80,30,24,31,49,214,42.8,D,Fail
STU1379,Dev Patel,Data Science,BCA,Kannur,51,98,71,69,100,389,77.8,B+,Pass
STU1380,Farhan Gupta,Business Administration,BSc CS,Palakkad,34,93,54,82,63,326,65.2,B,Fail
STU1381,Neha Thomas,Commerce,BCA,Trivandrum,33,59,73,44,56,265,53,C,Fail
STU1382,Nikhil Joseph,Computer Science,MCA,Palakkad,58,23,74,40,73,268,53.6,C,Fail
STU1383,Naveen Rao,Electronics,MSc Data Science,Wayanad,24,32,91,88,79,314,62.8,B,Fail
STU1384,Sneha Iyer,Mechanical,BCom,Palakkad,82,43,47,22,39,233,46.6,D,Fail
STU1385,Kiran Gupta,Business Administration,BBA,Trivandrum,84,35,37,75,27,258,51.6,C,Fail
STU1386,Farhan Ali,Mechanical,BBA,Kottayam,53,26,63,94,54,290,58,C,Fail
STU1387,Akash Rao,Civil,BCom,Malappuram,58,84,88,40,43,313,62.6,B,Pass
STU1388,Diya Joseph,Commerce,BSc CS,Trivandrum,24,100,23,36,78,261,52.2,C,Fail
STU1389,Rahul Kumar,Mechanical,BBA,Trivandrum,69,69,61,56,64,319,63.8,B,Pass
STU1390,Neha Singh,Civil,Diploma,Kannur,93,21,82,50,97,343,68.6,B,Fail
STU1391,Rahul Patel,Commerce,BBA,Palakkad,80,67,78,73,46,344,68.8,B,Pass
STU1392,Dev Menon,Computer Science,MSc Data Science,Kannur,25,68,43,77,96,309,61.8,B,Fail
STU1393,Dev Gupta,Electronics,BSc CS,Thrissur,30,61,49,97,70,307,61.4,B,Fail
STU1394,Meera Varma,Mechanical,BCom,Thrissur,96,90,78,55,42,361,72.2,B+,Pass
STU1395,Akash Rao,Electronics,BCA,Kannur,25,43,85,60,79,292,58.4,C,Fail
STU1396,Aisha Bose,Data Science,BCA,Kozhikode,26,24,93,52,30,225,45,D,Fail
STU1397,Sneha Ali,Data Science,BCom,Kannur,51,40,99,29,25,244,48.8,D,Fail
STU1398,Kiran Varma,Electronics,BCom,Malappuram,69,81,25,46,56,277,55.4,C,Fail
STU1399,Nikhil Iyer,Electrical,BBA,Trivandrum,81,47,73,38,55,294,58.8,C,Pass
STU1400,Priya Joseph,Commerce,BSc CS,Kochi,100,32,32,26,45,235,47,D,Fail
STU1401,Priya Rao,Business Administration,MSc Data Science,Kollam,40,49,23,83,96,291,58.2,C,Fail
STU1402,Aditya Menon,Civil,MSc Data Science,Kannur,40,56,86,72,25,279,55.8,C,Fail
STU1403,Diya Joseph,Data Science,BBA,Thrissur,28,30,71,52,53,234,46.8,D,Fail
STU1404,Meera Menon,Mechanical,BSc CS,Thrissur,39,95,76,96,37,343,68.6,B,Pass
STU1405,Farhan Sharma,Electrical,Diploma,Palakkad,54,80,76,51,60,321,64.2,B,Pass
STU1406,Riya Rao,Electrical,MCA,Palakkad,87,87,94,71,89,428,85.6,A,Pass
STU1407,Neha Singh,Electrical,BSc CS,Kannur,99,46,53,52,46,296,59.2,C,Pass
STU1408,Gokul Sharma,Electronics,BTech,Malappuram,33,54,51,27,27,192,38.4,D,Fail
STU1409,Rahul Nair,Electrical,MCA,Kollam,29,51,95,87,98,360,72,B+,Fail
STU1410,Nikhil Sharma,Civil,MCA,Wayanad,84,31,40,85,58,298,59.6,C,Fail
STU1411,Dev Varma,Computer Science,BBA,Kottayam,76,27,84,50,44,281,56.2,C,Fail
STU1412,Gokul Gupta,Commerce,BSc CS,Malappuram,35,57,34,62,88,276,55.2,C,Fail
STU1413,Arjun Ali,Computer Science,MCA,Malappuram,36,46,79,23,45,229,45.8,D,Fail
STU1414,Rahul Sharma,Business Administration,BSc CS,Palakkad,94,47,71,56,84,352,70.4,B+,Pass
STU1415,Diya Nair,Electrical,BBA,Kozhikode,91,24,81,61,37,294,58.8,C,Fail
STU1416,Sneha Sharma,Data Science,BBA,Wayanad,63,27,37,97,63,287,57.4,C,Fail
STU1417,Akash Bose,Commerce,BTech,Wayanad,25,38,37,54,65,219,43.8,D,Fail
STU1418,Akash Joseph,Civil,BBA,Kottayam,23,27,91,57,56,254,50.8,C,Fail
STU1419,Rahul Nair,Mechanical,BCom,Kozhikode,91,96,61,81,84,413,82.6,A,Pass
STU1420,Neha Singh,Data Science,BTech,Thrissur,22,92,85,48,83,330,66,B,Fail
STU1421,Priya Kumar,Data Science,Diploma,Kollam,55,31,91,87,46,310,62,B,Fail
STU1422,Vivaan Varma,Data Science,MSc Data Science,Kollam,42,74,84,99,86,385,77,B+,Pass
STU1423,Sneha Thomas,Electronics,BTech,Thrissur,38,61,76,85,96,356,71.2,B+,Pass
STU1424,Aisha Varma,Civil,BCom,Palakkad,92,37,40,55,97,321,64.2,B,Pass
STU1425,Aarav Ali,Commerce,BBA,Thrissur,28,82,39,28,31,208,41.6,D,Fail
STU1426,Neha Gupta,Business Administration,BTech,Wayanad,44,41,46,22,97,250,50,C,Fail
STU1427,Sneha Ali,Computer Science,MSc Data Science,Malappuram,32,22,61,70,63,248,49.6,D,Fail
STU1428,Gokul Ali,Business Administration,BCA,Malappuram,48,53,41,59,38,239,47.8,D,Pass
STU1429,Diya Iyer,Civil,BSc CS,Wayanad,61,79,55,33,56,284,56.8,C,Fail
STU1430,Aarav Das,Data Science,BTech,Kochi,70,62,38,26,37,233,46.6,D,Fail
STU1431,Naveen Varma,Electrical,BBA,Kochi,25,95,85,53,71,329,65.8,B,Fail
STU1432,Aarav Patel,Commerce,BCom,Kochi,46,53,83,61,27,270,54,C,Fail
STU1433,Sneha Gupta,Data Science,BCA,Kannur,43,39,74,23,95,274,54.8,C,Fail
STU1434,Sneha Ali,Electrical,MCA,Kannur,80,38,39,37,97,291,58.2,C,Pass
STU1435,Arjun Iyer,Electronics,MSc Data Science,Malappuram,54,46,59,59,55,273,54.6,C,Pass
STU1436,Ananya Menon,Mechanical,MCA,Kollam,84,71,56,44,27,282,56.4,C,Fail
STU1437,Meera Singh,Civil,BTech,Malappuram,63,35,93,32,46,269,53.8,C,Fail
STU1438,Arjun Varma,Commerce,MCA,Palakkad,33,46,90,59,74,302,60.4,B,Fail
STU1439,Meera Varma,Electronics,BTech,Kozhikode,50,79,90,87,38,344,68.8,B,Pass
STU1440,Dev Nair,Electronics,MCA,Malappuram,82,71,38,75,98,364,72.8,B+,Pass
STU1441,Farhan Sharma,Commerce,BCom,Malappuram,99,58,21,68,94,340,68,B,Fail
STU1442,Diya Patel,Electronics,BCom,Kottayam,89,20,74,73,85,341,68.2,B,Fail
STU1443,Rahul Varma,Computer Science,BCom,Kollam,57,91,36,60,46,290,58,C,Pass
STU1444,Aditya Menon,Electrical,BBA,Trivandrum,58,26,53,40,61,238,47.6,D,Fail
STU1445,Meera Patel,Electronics,BCA,Palakkad,92,87,78,72,22,351,70.2,B+,Fail
STU1446,Ananya Menon,Computer Science,BCA,Wayanad,20,86,58,65,28,257,51.4,C,Fail
STU1447,Meera Rao,Business Administration,MCA,Kottayam,69,56,34,75,93,327,65.4,B,Fail
STU1448,Dev Rao,Electronics,Diploma,Wayanad,100,55,58,55,90,358,71.6,B+,Pass
STU1449,Priya Iyer,Data Science,MCA,Palakkad,62,95,89,81,44,371,74.2,B+,Pass
STU1450,Riya Das,Electronics,BCom,Thrissur,53,80,22,98,80,333,66.6,B,Fail
STU1451,Arjun Nair,Data Science,BTech,Wayanad,73,78,24,28,20,223,44.6,D,Fail
STU1452,Aditya Gupta,Civil,Diploma,Kottayam,68,79,74,94,33,348,69.6,B,Fail
STU1453,Kiran Nair,Civil,Diploma,Thrissur,89,85,63,53,65,355,71,B+,Pass
STU1454,Aditya Singh,Data Science,BTech,Palakkad,54,46,73,85,41,299,59.8,C,Pass
STU1455,Akash Menon,Data Science,BSc CS,Malappuram,90,46,33,100,100,369,73.8,B+,Fail
STU1456,Diya Joseph,Computer Science,BBA,Kannur,75,29,85,48,24,261,52.2,C,Fail
STU1457,Gokul Bose,Civil,BCA,Kottayam,60,99,99,90,26,374,74.8,B+,Fail
STU1458,Sneha Iyer,Business Administration,BTech,Kannur,72,99,29,74,67,341,68.2,B,Fail
STU1459,Neha Joseph,Commerce,BBA,Kollam,81,59,44,64,25,273,54.6,C,Fail
STU1460,Farhan Iyer,Civil,BCA,Wayanad,46,21,68,88,35,258,51.6,C,Fail
STU1461,Nikhil Singh,Electronics,BCom,Kollam,33,54,23,79,40,229,45.8,D,Fail
STU1462,Riya Singh,Electronics,Diploma,Thrissur,36,36,85,36,88,281,56.2,C,Pass
STU1463,Arjun Rao,Commerce,Diploma,Thrissur,79,87,27,20,54,267,53.4,C,Fail
STU1464,Aarav Patel,Electronics,BCom,Kochi,71,82,56,61,78,348,69.6,B,Pass
STU1465,Rahul Sharma,Civil,BCom,Kozhikode,89,42,36,80,62,309,61.8,B,Pass
STU1466,Akash Iyer,Business Administration,BSc CS,Thrissur,29,59,56,69,38,251,50.2,C,Fail
STU1467,Riya Thomas,Commerce,BTech,Trivandrum,29,59,60,48,63,259,51.8,C,Fail
STU1468,Kiran Das,Electronics,MCA,Kannur,87,66,36,69,26,284,56.8,C,Fail
STU1469,Priya Menon,Electrical,MSc Data Science,Trivandrum,64,78,49,26,54,271,54.2,C,Fail
STU1470,Diya Singh,Mechanical,Diploma,Malappuram,62,52,38,81,58,291,58.2,C,Pass
STU1471,Meera Sharma,Electronics,BCom,Kannur,57,95,97,69,43,361,72.2,B+,Pass
STU1472,Rahul Das,Electronics,BTech,Kottayam,82,63,95,38,56,334,66.8,B,Pass
STU1473,Vivaan Das,Mechanical,BCom,Kottayam,20,29,24,51,56,180,36,D,Fail
STU1474,Arjun Gupta,Electronics,BTech,Malappuram,27,31,86,54,22,220,44,D,Fail
STU1475,Neha Singh,Commerce,BBA,Trivandrum,87,54,54,76,62,333,66.6,B,Pass
STU1476,Kiran Kumar,Computer Science,MSc Data Science,Trivandrum,73,79,25,77,73,327,65.4,B,Fail
STU1477,Naveen Patel,Commerce,MCA,Wayanad,47,55,54,29,28,213,42.6,D,Fail
STU1478,Aditya Thomas,Computer Science,BBA,Malappuram,42,41,52,40,20,195,39,D,Fail
STU1479,Riya Das,Data Science,MSc Data Science,Kollam,67,74,92,44,71,348,69.6,B,Pass
STU1480,Vivaan Varma,Electronics,BCom,Trivandrum,46,59,58,71,82,316,63.2,B,Pass
STU1481,Nikhil Singh,Mechanical,MCA,Kollam,81,45,86,64,42,318,63.6,B,Pass
STU1482,Kiran Gupta,Business Administration,Diploma,Kottayam,70,62,46,29,97,304,60.8,B,Fail
STU1483,Meera Das,Data Science,BCA,Malappuram,100,21,57,23,42,243,48.6,D,Fail
STU1484,Priya Patel,Commerce,BTech,Thrissur,82,76,81,73,33,345,69,B,Fail
STU1485,Farhan Kumar,Commerce,BTech,Kannur,81,77,53,74,72,357,71.4,B+,Pass
STU1486,Priya Sharma,Data Science,MSc Data Science,Kochi,50,24,61,40,92,267,53.4,C,Fail
STU1487,Akash Varma,Data Science,BTech,Malappuram,98,76,84,57,98,413,82.6,A,Pass
STU1488,Kiran Patel,Data Science,BTech,Kollam,52,90,44,70,41,297,59.4,C,Pass
STU1489,Vivaan Menon,Electrical,BTech,Kozhikode,46,25,61,99,46,277,55.4,C,Fail
STU1490,Ananya Joseph,Civil,BTech,Kozhikode,100,83,43,76,84,386,77.2,B+,Pass
STU1491,Naveen Menon,Commerce,BBA,Malappuram,55,62,75,33,33,258,51.6,C,Fail
STU1492,Akash Iyer,Civil,BCom,Palakkad,85,24,48,42,29,228,45.6,D,Fail
STU1493,Naveen Ali,Electrical,BBA,Kochi,49,63,63,49,72,296,59.2,C,Pass
STU1494,Vivaan Menon,Data Science,BCom,Kochi,39,28,32,69,29,197,39.4,D,Fail
STU1495,Naveen Varma,Commerce,BTech,Trivandrum,89,35,92,22,74,312,62.4,B,Fail
STU1496,Akash Patel,Electrical,MCA,Thrissur,41,82,56,26,53,258,51.6,C,Fail
STU1497,Riya Sharma,Commerce,BCom,Kottayam,54,24,70,24,47,219,43.8,D,Fail
STU1498,Ananya Ali,Business Administration,MCA,Kozhikode,26,37,42,53,37,195,39,D,Fail
STU1499,Arjun Ali,Data Science,BSc CS,Kannur,27,23,66,70,25,211,42.2,D,Fail
STU1500,Arjun Menon,Electronics,BBA,Kozhikode,36,26,78,34,74,248,49.6,D,Fail
STU1501,Nikhil Varma,Electrical,MCA,Kollam,60,21,74,23,40,218,43.6,D,Fail
STU1502,Akash Joseph,Data Science,MSc Data Science,Malappuram,82,45,86,69,100,382,76.4,B+,Pass
STU1503,Diya Sharma,Mechanical,BTech,Kollam,59,77,54,58,37,285,57,C,Pass
STU1504,Naveen Sharma,Computer Science,BCA,Palakkad,47,45,36,32,56,216,43.2,D,Fail
STU1505,Aisha Gupta,Electrical,Diploma,Palakkad,53,39,67,42,90,291,58.2,C,Pass
STU1506,Meera Ali,Mechanical,BBA,Kochi,69,80,90,55,66,360,72,B+,Pass
STU1507,Neha Kumar,Business Administration,BCom,Kollam,56,75,70,78,86,365,73,B+,Pass
STU1508,Diya Gupta,Electrical,BCom,Kozhikode,49,67,98,58,62,334,66.8,B,Pass
STU1509,Neha Singh,Electrical,BCA,Malappuram,69,35,79,24,47,254,50.8,C,Fail
STU1510,Neha Ali,Business Administration,Diploma,Trivandrum,75,63,24,57,45,264,52.8,C,Fail
STU1511,Nikhil Ali,Computer Science,BSc CS,Wayanad,92,90,40,20,58,300,60,B,Fail
STU1512,Aditya Bose,Mechanical,Diploma,Kochi,76,51,65,55,58,305,61,B,Pass
STU1513,Riya Joseph,Electronics,Diploma,Kottayam,82,91,71,100,53,397,79.4,B+,Pass
STU1514,Rahul Kumar,Business Administration,BSc CS,Kochi,58,36,88,30,20,232,46.4,D,Fail
STU1515,Farhan Patel,Electrical,BSc CS,Thrissur,68,77,71,24,67,307,61.4,B,Fail
STU1516,Aditya Ali,Civil,BCom,Malappuram,44,82,77,66,70,339,67.8,B,Pass
STU1517,Ananya Varma,Commerce,BCA,Wayanad,42,65,79,100,35,321,64.2,B,Pass
STU1518,Arjun Patel,Computer Science,BSc CS,Kochi,38,61,87,82,78,346,69.2,B,Pass
STU1519,Ananya Joseph,Data Science,MCA,Malappuram,96,63,87,71,39,356,71.2,B+,Pass
STU1520,Aarav Singh,Civil,BBA,Palakkad,99,43,60,64,35,301,60.2,B,Pass
STU1521,Aisha Bose,Electrical,BCom,Thrissur,65,80,73,46,88,352,70.4,B+,Pass
STU1522,Naveen Varma,Mechanical,BCA,Kannur,63,88,84,61,80,376,75.2,B+,Pass
STU1523,Vivaan Gupta,Commerce,BCA,Palakkad,32,91,79,71,67,340,68,B,Fail
STU1524,Priya Menon,Computer Science,BCA,Kottayam,32,78,22,79,32,243,48.6,D,Fail
STU1525,Priya Joseph,Electronics,BBA,Kannur,61,89,43,59,24,276,55.2,C,Fail
STU1526,Akash Joseph,Data Science,BTech,Kochi,59,81,57,75,58,330,66,B,Pass
STU1527,Ananya Nair,Electrical,BCA,Palakkad,58,91,96,30,21,296,59.2,C,Fail
STU1528,Arjun Joseph,Commerce,BCom,Kozhikode,44,89,74,35,39,281,56.2,C,Pass
STU1529,Farhan Das,Electrical,BBA,Wayanad,77,90,35,78,77,357,71.4,B+,Pass
STU1530,Diya Menon,Electronics,MCA,Thrissur,57,74,80,41,71,323,64.6,B,Pass
STU1531,Aisha Ali,Data Science,BTech,Kannur,90,64,36,24,49,263,52.6,C,Fail
STU1532,Priya Varma,Commerce,BCom,Wayanad,77,57,61,86,74,355,71,B+,Pass
STU1533,Meera Sharma,Electrical,BTech,Kollam,89,82,81,35,80,367,73.4,B+,Pass
STU1534,Kiran Iyer,Commerce,BTech,Kozhikode,39,60,92,41,70,302,60.4,B,Pass
STU1535,Gokul Iyer,Civil,BCom,Wayanad,40,56,20,24,37,177,35.4,D,Fail
STU1536,Arjun Nair,Electronics,Diploma,Wayanad,58,21,35,29,79,222,44.4,D,Fail
STU1537,Sneha Ali,Civil,MSc Data Science,Kochi,94,98,80,74,47,393,78.6,B+,Pass
STU1538,Naveen Joseph,Mechanical,BCom,Palakkad,71,54,63,70,48,306,61.2,B,Pass
STU1539,Dev Varma,Commerce,BSc CS,Kozhikode,80,33,75,46,66,300,60,B,Fail
STU1540,Riya Das,Computer Science,MSc Data Science,Trivandrum,37,46,68,79,26,256,51.2,C,Fail
STU1541,Sneha Joseph,Electronics,MCA,Palakkad,68,82,28,54,62,294,58.8,C,Fail
STU1542,Sneha Joseph,Business Administration,MSc Data Science,Malappuram,91,51,74,98,84,398,79.6,B+,Pass
STU1543,Kiran Sharma,Electrical,BTech,Kozhikode,79,100,53,29,59,320,64,B,Fail
STU1544,Diya Nair,Computer Science,BCom,Wayanad,54,71,62,60,64,311,62.2,B,Pass
STU1545,Dev Joseph,Electronics,Diploma,Thrissur,59,99,71,65,31,325,65,B,Fail
STU1546,Akash Singh,Civil,BSc CS,Kottayam,60,39,89,28,62,278,55.6,C,Fail
STU1547,Aisha Singh,Data Science,BBA,Palakkad,54,20,49,62,58,243,48.6,D,Fail
STU1548,Akash Rao,Computer Science,BCA,Kannur,66,78,97,53,84,378,75.6,B+,Pass
STU1549,Aisha Das,Electrical,BBA,Malappuram,96,42,25,68,97,328,65.6,B,Fail
STU1550,Akash Sharma,Commerce,BSc CS,Malappuram,26,37,93,59,68,283,56.6,C,Fail
STU1551,Farhan Ali,Civil,BSc CS,Malappuram,42,97,26,25,82,272,54.4,C,Fail
STU1552,Akash Gupta,Electrical,BBA,Wayanad,89,54,91,43,45,322,64.4,B,Pass
STU1553,Dev Bose,Commerce,MCA,Wayanad,64,53,69,84,54,324,64.8,B,Pass
STU1554,Neha Das,Business Administration,MCA,Malappuram,22,70,27,76,46,241,48.2,D,Fail
STU1555,Ananya Nair,Electronics,BSc CS,Kollam,79,24,56,47,83,289,57.8,C,Fail
STU1556,Aditya Ali,Civil,BCom,Palakkad,23,83,24,59,62,251,50.2,C,Fail
STU1557,Dev Ali,Computer Science,Diploma,Thrissur,62,67,49,71,49,298,59.6,C,Pass
STU1558,Aisha Thomas,Data Science,MSc Data Science,Kottayam,32,69,20,24,90,235,47,D,Fail
STU1559,Naveen Iyer,Computer Science,BCom,Thrissur,54,74,64,87,28,307,61.4,B,Fail
STU1560,Sneha Joseph,Commerce,BTech,Malappuram,58,31,69,57,22,237,47.4,D,Fail
STU1561,Naveen Singh,Commerce,BSc CS,Kozhikode,38,23,47,84,80,272,54.4,C,Fail
STU1562,Dev Iyer,Data Science,Diploma,Thrissur,99,51,50,53,87,340,68,B,Pass
STU1563,Aditya Patel,Mechanical,MCA,Kozhikode,29,64,29,35,26,183,36.6,D,Fail
STU1564,Priya Kumar,Computer Science,Diploma,Kottayam,73,80,79,73,58,363,72.6,B+,Pass
STU1565,Sneha Rao,Civil,BSc CS,Malappuram,22,58,74,40,31,225,45,D,Fail
STU1566,Aditya Nair,Mechanical,BCom,Kochi,98,63,64,78,40,343,68.6,B,Pass
STU1567,Dev Kumar,Business Administration,Diploma,Kozhikode,45,40,74,96,85,340,68,B,Pass
STU1568,Naveen Rao,Electronics,BSc CS,Trivandrum,32,35,75,53,34,229,45.8,D,Fail
STU1569,Riya Joseph,Data Science,BCom,Palakkad,22,80,96,51,66,315,63,B,Fail
STU1570,Aisha Gupta,Business Administration,BBA,Kannur,97,86,35,44,58,320,64,B,Pass
STU1571,Rahul Ali,Data Science,MSc Data Science,Thrissur,87,91,40,20,34,272,54.4,C,Fail
STU1572,Ananya Joseph,Civil,BBA,Thrissur,54,27,48,43,23,195,39,D,Fail
STU1573,Aisha Varma,Data Science,BCA,Trivandrum,50,73,61,42,99,325,65,B,Pass
STU1574,Arjun Joseph,Computer Science,BSc CS,Palakkad,68,52,81,97,44,342,68.4,B,Pass
STU1575,Dev Patel,Commerce,Diploma,Kottayam,68,89,76,31,92,356,71.2,B+,Fail
STU1576,Dev Rao,Civil,BCom,Palakkad,88,52,57,55,99,351,70.2,B+,Pass
STU1577,Aditya Rao,Data Science,Diploma,Kozhikode,45,50,96,44,81,316,63.2,B,Pass
STU1578,Meera Kumar,Electronics,Diploma,Malappuram,55,56,74,34,54,273,54.6,C,Fail
STU1579,Neha Menon,Mechanical,BCom,Wayanad,63,28,89,71,43,294,58.8,C,Fail
STU1580,Rahul Bose,Electronics,MCA,Kochi,58,38,81,49,81,307,61.4,B,Pass
STU1581,Rahul Singh,Business Administration,BTech,Malappuram,77,21,27,84,51,260,52,C,Fail
STU1582,Gokul Gupta,Civil,BBA,Malappuram,40,21,51,96,99,307,61.4,B,Fail
STU1583,Diya Rao,Commerce,BSc CS,Kottayam,49,51,38,39,94,271,54.2,C,Pass
STU1584,Farhan Singh,Data Science,BBA,Malappuram,54,36,65,66,94,315,63,B,Pass
STU1585,Aarav Menon,Electrical,BCA,Kollam,66,88,95,77,48,374,74.8,B+,Pass
STU1586,Aditya Ali,Mechanical,Diploma,Trivandrum,33,42,61,58,52,246,49.2,D,Fail
STU1587,Arjun Das,Commerce,BCom,Kannur,97,36,76,63,48,320,64,B,Pass
STU1588,Ananya Bose,Electrical,BTech,Trivandrum,64,91,89,93,82,419,83.8,A,Pass
STU1589,Diya Varma,Business Administration,MSc Data Science,Palakkad,21,32,34,68,41,196,39.2,D,Fail
STU1590,Gokul Joseph,Data Science,BTech,Thrissur,88,43,53,43,60,287,57.4,C,Pass
STU1591,Priya Bose,Civil,BTech,Kozhikode,45,74,32,76,35,262,52.4,C,Fail
STU1592,Riya Das,Electrical,BCA,Kozhikode,77,44,47,77,93,338,67.6,B,Pass
STU1593,Aarav Joseph,Mechanical,MCA,Kozhikode,85,49,72,20,95,321,64.2,B,Fail
STU1594,Meera Singh,Data Science,BCA,Palakkad,32,81,24,46,38,221,44.2,D,Fail
STU1595,Vivaan Kumar,Mechanical,MCA,Kottayam,68,95,44,37,49,293,58.6,C,Pass
STU1596,Priya Das,Mechanical,BSc CS,Kannur,71,72,89,30,73,335,67,B,Fail
STU1597,Meera Menon,Data Science,BCA,Malappuram,100,29,78,62,43,312,62.4,B,Fail
STU1598,Priya Menon,Mechanical,Diploma,Wayanad,46,72,44,70,46,278,55.6,C,Pass
STU1599,Sneha Nair,Commerce,BTech,Kannur,55,21,38,91,93,298,59.6,C,Fail
STU1600,Nikhil Varma,Business Administration,BCA,Kollam,38,82,63,47,54,284,56.8,C,Pass
STU1601,Naveen Ali,Commerce,Diploma,Kochi,30,64,65,27,50,236,47.2,D,Fail
STU1602,Dev Rao,Data Science,BCA,Wayanad,55,79,36,92,83,345,69,B,Pass
STU1603,Aarav Thomas,Electronics,Diploma,Palakkad,60,64,96,32,86,338,67.6,B,Fail
STU1604,Kiran Gupta,Data Science,BBA,Kannur,53,49,39,95,90,326,65.2,B,Pass
STU1605,Akash Kumar,Data Science,MCA,Kannur,77,55,63,44,99,338,67.6,B,Pass
STU1606,Arjun Bose,Mechanical,BCom,Kozhikode,32,22,65,61,55,235,47,D,Fail
STU1607,Aditya Thomas,Electrical,BSc CS,Kollam,91,37,28,89,53,298,59.6,C,Fail
STU1608,Dev Joseph,Electronics,BBA,Kottayam,46,91,93,62,45,337,67.4,B,Pass
STU1609,Priya Varma,Mechanical,MSc Data Science,Palakkad,32,95,99,20,70,316,63.2,B,Fail
STU1610,Aisha Ali,Computer Science,BBA,Kochi,62,20,57,37,85,261,52.2,C,Fail
STU1611,Naveen Varma,Computer Science,BCom,Kottayam,65,59,36,63,96,319,63.8,B,Pass
STU1612,Sneha Sharma,Commerce,BTech,Wayanad,31,58,33,44,69,235,47,D,Fail
STU1613,Farhan Varma,Business Administration,BCom,Kottayam,53,81,69,36,59,298,59.6,C,Pass
STU1614,Diya Menon,Data Science,BCA,Kochi,87,86,99,86,66,424,84.8,A,Pass
STU1615,Neha Joseph,Civil,MCA,Kottayam,43,53,64,22,34,216,43.2,D,Fail
STU1616,Meera Sharma,Mechanical,BTech,Malappuram,66,93,98,22,80,359,71.8,B+,Fail
STU1617,Rahul Sharma,Data Science,MSc Data Science,Kollam,69,85,40,25,77,296,59.2,C,Fail
STU1618,Riya Rao,Electronics,BCA,Kottayam,34,83,72,78,68,335,67,B,Fail
STU1619,Gokul Menon,Commerce,BBA,Kochi,64,81,43,93,82,363,72.6,B+,Pass
STU1620,Dev Singh,Data Science,MCA,Malappuram,90,41,63,27,38,259,51.8,C,Fail
STU1621,Naveen Thomas,Computer Science,BCom,Trivandrum,49,89,81,44,34,297,59.4,C,Fail
STU1622,Gokul Ali,Commerce,MCA,Wayanad,68,77,44,39,55,283,56.6,C,Pass
STU1623,Farhan Thomas,Mechanical,BCom,Kottayam,43,80,85,79,66,353,70.6,B+,Pass
STU1624,Diya Varma,Computer Science,Diploma,Malappuram,21,55,72,69,81,298,59.6,C,Fail
STU1625,Akash Sharma,Data Science,Diploma,Kochi,52,35,72,85,59,303,60.6,B,Pass
STU1626,Priya Menon,Business Administration,BSc CS,Kochi,66,70,29,82,25,272,54.4,C,Fail
STU1627,Aditya Ali,Computer Science,MSc Data Science,Kannur,79,93,60,27,28,287,57.4,C,Fail
STU1628,Ananya Nair,Civil,Diploma,Wayanad,84,77,49,39,78,327,65.4,B,Pass
STU1629,Aisha Gupta,Electronics,MCA,Trivandrum,34,89,37,69,28,257,51.4,C,Fail
STU1630,Gokul Patel,Civil,MCA,Wayanad,55,53,62,46,32,248,49.6,D,Fail
STU1631,Kiran Varma,Data Science,BCom,Malappuram,28,39,59,32,66,224,44.8,D,Fail
STU1632,Diya Kumar,Computer Science,MCA,Kottayam,61,85,31,29,42,248,49.6,D,Fail
STU1633,Riya Varma,Electrical,BCA,Kozhikode,83,96,42,100,73,394,78.8,B+,Pass
STU1634,Gokul Nair,Electrical,BTech,Wayanad,60,37,73,44,90,304,60.8,B,Pass
STU1635,Priya Joseph,Business Administration,BCA,Wayanad,64,44,21,56,76,261,52.2,C,Fail
STU1636,Neha Iyer,Electronics,BCA,Wayanad,39,77,48,74,91,329,65.8,B,Pass
STU1637,Aditya Joseph,Commerce,MSc Data Science,Kollam,59,77,86,80,31,333,66.6,B,Fail
STU1638,Riya Singh,Commerce,BCom,Kochi,30,28,41,76,31,206,41.2,D,Fail
STU1639,Arjun Thomas,Civil,BTech,Kozhikode,20,40,48,55,32,195,39,D,Fail
STU1640,Farhan Bose,Computer Science,MSc Data Science,Kottayam,38,78,78,63,39,296,59.2,C,Pass
STU1641,Rahul Iyer,Civil,Diploma,Malappuram,93,32,46,47,54,272,54.4,C,Fail
STU1642,Ananya Sharma,Commerce,MCA,Kollam,53,73,68,30,46,270,54,C,Fail
STU1643,Neha Ali,Commerce,BCom,Wayanad,75,73,30,28,50,256,51.2,C,Fail
STU1644,Gokul Nair,Data Science,Diploma,Kozhikode,94,81,28,86,23,312,62.4,B,Fail
STU1645,Dev Patel,Electrical,BCA,Trivandrum,61,70,90,82,22,325,65,B,Fail
STU1646,Riya Menon,Electrical,BSc CS,Palakkad,88,22,81,94,69,354,70.8,B+,Fail
STU1647,Rahul Kumar,Electrical,MSc Data Science,Kottayam,44,45,41,32,96,258,51.6,C,Fail
STU1648,Dev Bose,Mechanical,MCA,Palakkad,70,27,70,38,90,295,59,C,Fail
STU1649,Rahul Thomas,Civil,MSc Data Science,Kollam,59,24,48,47,91,269,53.8,C,Fail
STU1650,Aisha Bose,Computer Science,BBA,Kochi,96,57,37,77,28,295,59,C,Fail
STU1651,Farhan Joseph,Electrical,Diploma,Kochi,30,31,67,81,70,279,55.8,C,Fail
STU1652,Aarav Patel,Civil,MCA,Thrissur,53,100,88,70,20,331,66.2,B,Fail
STU1653,Priya Das,Data Science,BTech,Kozhikode,29,69,62,44,100,304,60.8,B,Fail
STU1654,Riya Bose,Mechanical,BBA,Kannur,80,87,28,95,75,365,73,B+,Fail
STU1655,Naveen Gupta,Civil,MCA,Kannur,88,83,44,70,27,312,62.4,B,Fail
STU1656,Neha Joseph,Civil,MSc Data Science,Thrissur,29,94,35,41,43,242,48.4,D,Fail
STU1657,Aarav Sharma,Commerce,BCom,Thrissur,54,49,55,24,36,218,43.6,D,Fail
STU1658,Vivaan Ali,Commerce,MCA,Kozhikode,87,31,23,78,67,286,57.2,C,Fail
STU1659,Aisha Iyer,Mechanical,BCom,Trivandrum,26,73,73,65,49,286,57.2,C,Fail
STU1660,Rahul Ali,Computer Science,BSc CS,Kollam,75,58,56,20,96,305,61,B,Fail
STU1661,Rahul Bose,Civil,BBA,Kannur,33,82,59,65,33,272,54.4,C,Fail
STU1662,Neha Varma,Mechanical,MSc Data Science,Wayanad,83,71,94,47,67,362,72.4,B+,Pass
STU1663,Diya Singh,Computer Science,BBA,Wayanad,40,45,59,66,48,258,51.6,C,Pass
STU1664,Farhan Gupta,Computer Science,MSc Data Science,Kollam,97,31,97,37,89,351,70.2,B+,Fail
STU1665,Vivaan Gupta,Electronics,BSc CS,Thrissur,64,55,64,90,97,370,74,B+,Pass
STU1666,Naveen Joseph,Electronics,MSc Data Science,Kochi,94,79,38,94,24,329,65.8,B,Fail
STU1667,Ananya Joseph,Mechanical,MCA,Kochi,45,47,76,23,77,268,53.6,C,Fail
STU1668,Neha Patel,Computer Science,MSc Data Science,Kozhikode,38,49,90,85,81,343,68.6,B,Pass
STU1669,Kiran Thomas,Electrical,BTech,Kottayam,67,81,72,64,58,342,68.4,B,Pass
STU1670,Arjun Varma,Business Administration,MSc Data Science,Trivandrum,21,28,93,40,77,259,51.8,C,Fail
STU1671,Vivaan Menon,Data Science,BCom,Thrissur,79,54,44,21,39,237,47.4,D,Fail
STU1672,Diya Iyer,Electronics,Diploma,Kottayam,85,83,39,99,53,359,71.8,B+,Pass
STU1673,Aditya Das,Civil,MSc Data Science,Kannur,65,21,69,46,43,244,48.8,D,Fail
STU1674,Naveen Nair,Commerce,BSc CS,Trivandrum,59,77,87,87,42,352,70.4,B+,Pass
STU1675,Meera Nair,Electrical,Diploma,Palakkad,34,87,30,22,54,227,45.4,D,Fail
STU1676,Diya Sharma,Electronics,MSc Data Science,Palakkad,45,86,47,59,89,326,65.2,B,Pass
STU1677,Vivaan Singh,Civil,BCA,Malappuram,40,33,44,67,32,216,43.2,D,Fail
STU1678,Aarav Kumar,Commerce,BSc CS,Kottayam,92,47,39,48,59,285,57,C,Pass
STU1679,Kiran Thomas,Computer Science,Diploma,Kollam,81,56,64,99,83,383,76.6,B+,Pass
STU1680,Meera Sharma,Data Science,BCA,Trivandrum,22,88,56,72,61,299,59.8,C,Fail
STU1681,Meera Das,Business Administration,Diploma,Thrissur,42,75,63,94,50,324,64.8,B,Pass
STU1682,Farhan Joseph,Civil,MCA,Malappuram,43,79,38,69,69,298,59.6,C,Pass
STU1683,Neha Varma,Business Administration,MCA,Trivandrum,83,75,96,48,80,382,76.4,B+,Pass
STU1684,Gokul Singh,Data Science,Diploma,Kozhikode,53,43,92,27,39,254,50.8,C,Fail
STU1685,Meera Rao,Electrical,BTech,Palakkad,53,56,38,99,65,311,62.2,B,Pass
STU1686,Aisha Gupta,Mechanical,Diploma,Kollam,40,50,83,93,56,322,64.4,B,Pass
STU1687,Kiran Gupta,Commerce,MSc Data Science,Wayanad,79,89,94,94,29,385,77,B+,Fail
STU1688,Akash Bose,Electrical,BTech,Wayanad,89,79,34,46,51,299,59.8,C,Fail
STU1689,Rahul Joseph,Mechanical,BBA,Trivandrum,93,52,30,39,52,266,53.2,C,Fail
STU1690,Gokul Rao,Electronics,BCA,Kochi,74,84,94,98,54,404,80.8,A,Pass
STU1691,Arjun Kumar,Data Science,MSc Data Science,Kollam,51,77,82,40,68,318,63.6,B,Pass
STU1692,Dev Das,Electrical,BCA,Kochi,20,71,29,98,25,243,48.6,D,Fail
STU1693,Vivaan Kumar,Electronics,BBA,Trivandrum,86,49,53,46,26,260,52,C,Fail
STU1694,Riya Patel,Data Science,Diploma,Malappuram,43,57,49,70,91,310,62,B,Pass
STU1695,Diya Rao,Civil,BTech,Wayanad,30,51,49,68,92,290,58,C,Fail
STU1696,Aarav Singh,Data Science,MSc Data Science,Kozhikode,39,76,99,50,64,328,65.6,B,Pass
STU1697,Kiran Sharma,Electronics,MCA,Wayanad,23,50,49,78,56,256,51.2,C,Fail
STU1698,Meera Varma,Business Administration,BSc CS,Thrissur,62,32,98,25,44,261,52.2,C,Fail
STU1699,Priya Varma,Electrical,Diploma,Trivandrum,61,43,49,89,41,283,56.6,C,Pass
STU1700,Farhan Bose,Mechanical,BBA,Kottayam,39,93,54,37,79,302,60.4,B,Pass
STU1701,Aarav Nair,Computer Science,BTech,Trivandrum,38,94,78,97,81,388,77.6,B+,Pass
STU1702,Dev Iyer,Business Administration,BBA,Kollam,49,95,67,69,53,333,66.6,B,Pass
STU1703,Dev Bose,Commerce,Diploma,Trivandrum,24,85,62,27,100,298,59.6,C,Fail
STU1704,Neha Ali,Business Administration,MCA,Wayanad,79,49,36,69,90,323,64.6,B,Pass
STU1705,Naveen Kumar,Civil,BCA,Malappuram,66,68,52,26,53,265,53,C,Fail
STU1706,Riya Patel,Civil,BCom,Kochi,49,29,79,59,26,242,48.4,D,Fail
STU1707,Akash Joseph,Data Science,Diploma,Kottayam,38,73,25,59,47,242,48.4,D,Fail
STU1708,Arjun Singh,Data Science,BCom,Kozhikode,51,33,41,55,24,204,40.8,D,Fail
STU1709,Dev Menon,Commerce,BTech,Trivandrum,91,34,92,82,48,347,69.4,B,Fail
STU1710,Aisha Singh,Mechanical,BCA,Wayanad,79,48,61,21,53,262,52.4,C,Fail
STU1711,Farhan Bose,Civil,BBA,Kollam,65,74,21,69,85,314,62.8,B,Fail
STU1712,Akash Varma,Computer Science,BTech,Palakkad,94,66,22,68,72,322,64.4,B,Fail
STU1713,Gokul Rao,Mechanical,BCom,Wayanad,71,47,25,21,38,202,40.4,D,Fail
STU1714,Neha Menon,Data Science,BCA,Wayanad,25,73,46,75,41,260,52,C,Fail
STU1715,Gokul Joseph,Civil,BSc CS,Kannur,78,59,43,53,71,304,60.8,B,Pass
STU1716,Aditya Rao,Civil,MSc Data Science,Wayanad,47,50,73,74,52,296,59.2,C,Pass
STU1717,Akash Singh,Mechanical,MCA,Malappuram,30,52,90,59,65,296,59.2,C,Fail
STU1718,Priya Patel,Business Administration,BCA,Kottayam,21,84,98,47,45,295,59,C,Fail
STU1719,Akash Bose,Computer Science,BBA,Kannur,75,72,85,72,49,353,70.6,B+,Pass
STU1720,Gokul Joseph,Civil,Diploma,Kannur,99,66,24,67,63,319,63.8,B,Fail
STU1721,Nikhil Rao,Mechanical,BBA,Kollam,36,41,27,49,21,174,34.8,F,Fail
STU1722,Riya Rao,Commerce,BCom,Malappuram,57,96,59,89,28,329,65.8,B,Fail
STU1723,Arjun Joseph,Business Administration,MCA,Palakkad,83,58,37,62,27,267,53.4,C,Fail
STU1724,Kiran Thomas,Civil,MCA,Trivandrum,70,24,66,60,56,276,55.2,C,Fail
STU1725,Kiran Sharma,Commerce,MSc Data Science,Kochi,45,81,45,81,73,325,65,B,Pass
STU1726,Ananya Bose,Business Administration,MSc Data Science,Wayanad,82,41,21,66,72,282,56.4,C,Fail
STU1727,Vivaan Iyer,Electronics,BSc CS,Malappuram,92,39,59,37,60,287,57.4,C,Pass
STU1728,Kiran Das,Electrical,BCom,Trivandrum,80,97,91,49,91,408,81.6,A,Pass
STU1729,Farhan Thomas,Computer Science,Diploma,Kochi,25,96,62,47,61,291,58.2,C,Fail
STU1730,Aditya Thomas,Computer Science,BTech,Trivandrum,96,36,23,21,97,273,54.6,C,Fail
STU1731,Meera Bose,Electrical,MCA,Thrissur,95,91,92,35,25,338,67.6,B,Fail
STU1732,Meera Rao,Electronics,BSc CS,Thrissur,92,27,43,66,57,285,57,C,Fail
STU1733,Neha Ali,Data Science,BBA,Malappuram,41,72,24,74,62,273,54.6,C,Fail
STU1734,Farhan Gupta,Computer Science,MCA,Kannur,52,46,66,86,21,271,54.2,C,Fail
STU1735,Priya Kumar,Mechanical,BCom,Kozhikode,30,68,89,86,34,307,61.4,B,Fail
STU1736,Meera Ali,Mechanical,BSc CS,Wayanad,72,55,32,76,24,259,51.8,C,Fail
STU1737,Kiran Singh,Mechanical,BCA,Trivandrum,94,94,72,24,30,314,62.8,B,Fail
STU1738,Diya Varma,Business Administration,BBA,Trivandrum,24,94,47,22,36,223,44.6,D,Fail
STU1739,Arjun Joseph,Business Administration,MCA,Kozhikode,69,37,44,69,61,280,56,C,Pass
STU1740,Diya Singh,Electrical,BTech,Kottayam,86,72,59,83,59,359,71.8,B+,Pass
STU1741,Sneha Joseph,Data Science,BCA,Malappuram,92,72,97,74,22,357,71.4,B+,Fail
STU1742,Priya Singh,Electronics,BTech,Kannur,92,96,53,32,73,346,69.2,B,Fail
STU1743,Meera Iyer,Business Administration,BBA,Kochi,91,32,90,61,84,358,71.6,B+,Fail
STU1744,Priya Varma,Electrical,BCA,Trivandrum,72,78,32,39,66,287,57.4,C,Fail
STU1745,Gokul Bose,Mechanical,Diploma,Kollam,49,86,85,22,95,337,67.4,B,Fail
STU1746,Aisha Patel,Computer Science,BCom,Kozhikode,42,44,41,31,93,251,50.2,C,Fail
STU1747,Neha Singh,Civil,BBA,Kochi,62,37,67,67,42,275,55,C,Pass
STU1748,Gokul Thomas,Computer Science,BCA,Thrissur,28,42,84,52,65,271,54.2,C,Fail
STU1749,Farhan Singh,Mechanical,BCom,Kozhikode,93,58,79,39,30,299,59.8,C,Fail
STU1750,Nikhil Gupta,Electronics,BCom,Thrissur,98,95,31,49,50,323,64.6,B,Fail
STU1751,Sneha Joseph,Civil,Diploma,Malappuram,64,96,73,73,62,368,73.6,B+,Pass
STU1752,Priya Singh,Data Science,BCA,Trivandrum,21,51,74,27,80,253,50.6,C,Fail
STU1753,Neha Patel,Commerce,BCom,Trivandrum,74,66,86,44,50,320,64,B,Pass
STU1754,Nikhil Kumar,Data Science,BCom,Thrissur,33,77,35,56,48,249,49.8,D,Fail
STU1755,Rahul Rao,Commerce,BSc CS,Kollam,25,48,52,53,60,238,47.6,D,Fail
STU1756,Arjun Iyer,Commerce,MSc Data Science,Kochi,20,29,40,53,74,216,43.2,D,Fail
STU1757,Aisha Thomas,Electrical,Diploma,Palakkad,93,93,29,91,34,340,68,B,Fail
STU1758,Aditya Sharma,Business Administration,MSc Data Science,Malappuram,68,81,73,51,35,308,61.6,B,Pass
STU1759,Akash Singh,Commerce,BSc CS,Kozhikode,81,35,55,71,25,267,53.4,C,Fail
STU1760,Ananya Kumar,Electronics,BCA,Kollam,85,25,81,85,50,326,65.2,B,Fail
STU1761,Farhan Nair,Computer Science,BCom,Kollam,57,57,99,73,22,308,61.6,B,Fail
STU1762,Priya Nair,Mechanical,BCom,Trivandrum,54,77,50,66,22,269,53.8,C,Fail
STU1763,Riya Kumar,Electrical,MSc Data Science,Kannur,97,83,83,98,82,443,88.6,A,Pass
STU1764,Vivaan Menon,Mechanical,BTech,Thrissur,91,86,50,41,33,301,60.2,B,Fail
STU1765,Naveen Gupta,Business Administration,BTech,Kannur,30,24,74,50,82,260,52,C,Fail
STU1766,Kiran Thomas,Commerce,BTech,Wayanad,92,20,39,30,81,262,52.4,C,Fail
STU1767,Gokul Ali,Computer Science,BBA,Kozhikode,98,59,62,23,36,278,55.6,C,Fail
STU1768,Riya Das,Electronics,BBA,Malappuram,60,32,88,87,31,298,59.6,C,Fail
STU1769,Kiran Patel,Computer Science,MCA,Malappuram,64,92,72,84,51,363,72.6,B+,Pass
STU1770,Rahul Nair,Business Administration,BCom,Malappuram,95,45,69,46,52,307,61.4,B,Pass
STU1771,Rahul Nair,Mechanical,Diploma,Trivandrum,84,64,36,45,58,287,57.4,C,Pass
STU1772,Riya Das,Commerce,Diploma,Kannur,33,38,69,37,82,259,51.8,C,Fail
STU1773,Diya Iyer,Computer Science,BBA,Kochi,29,40,51,97,43,260,52,C,Fail
STU1774,Aisha Das,Business Administration,BSc CS,Malappuram,27,33,85,92,60,297,59.4,C,Fail
STU1775,Nikhil Menon,Electrical,BTech,Kottayam,79,84,91,60,49,363,72.6,B+,Pass
STU1776,Vivaan Thomas,Civil,BBA,Thrissur,74,43,20,83,73,293,58.6,C,Fail
STU1777,Gokul Nair,Commerce,BTech,Trivandrum,30,54,22,95,86,287,57.4,C,Fail
STU1778,Neha Kumar,Commerce,BSc CS,Kollam,28,48,89,70,93,328,65.6,B,Fail
STU1779,Sneha Varma,Civil,MSc Data Science,Palakkad,91,41,62,92,39,325,65,B,Pass
STU1780,Meera Joseph,Business Administration,MSc Data Science,Wayanad,89,97,97,41,29,353,70.6,B+,Fail
STU1781,Aditya Thomas,Data Science,BCom,Palakkad,41,43,83,41,27,235,47,D,Fail
STU1782,Aarav Iyer,Commerce,BSc CS,Trivandrum,76,75,22,61,75,309,61.8,B,Fail
STU1783,Aarav Thomas,Mechanical,MCA,Thrissur,87,20,47,93,27,274,54.8,C,Fail
STU1784,Ananya Varma,Data Science,BBA,Thrissur,35,27,28,32,20,142,28.4,F,Fail
STU1785,Aisha Joseph,Commerce,BSc CS,Wayanad,47,38,88,64,100,337,67.4,B,Pass
STU1786,Priya Menon,Commerce,BSc CS,Malappuram,43,77,98,68,62,348,69.6,B,Pass
STU1787,Rahul Nair,Civil,Diploma,Kollam,84,72,69,45,44,314,62.8,B,Pass
STU1788,Dev Patel,Computer Science,BCA,Kozhikode,23,53,49,41,67,233,46.6,D,Fail
STU1789,Rahul Ali,Civil,BTech,Kochi,97,24,71,48,84,324,64.8,B,Fail
STU1790,Vivaan Nair,Data Science,BCA,Kottayam,94,77,70,70,40,351,70.2,B+,Pass
STU1791,Ananya Gupta,Computer Science,BCA,Kozhikode,83,24,85,48,95,335,67,B,Fail
STU1792,Dev Kumar,Business Administration,MCA,Trivandrum,37,86,69,63,93,348,69.6,B,Pass
STU1793,Riya Menon,Electrical,MCA,Trivandrum,53,57,84,43,84,321,64.2,B,Pass
STU1794,Aisha Gupta,Electronics,MCA,Kochi,22,81,45,97,45,290,58,C,Fail
STU1795,Aditya Bose,Commerce,Diploma,Wayanad,20,42,77,26,25,190,38,D,Fail
STU1796,Nikhil Singh,Business Administration,Diploma,Kochi,87,27,29,85,98,326,65.2,B,Fail
STU1797,Naveen Kumar,Computer Science,MSc Data Science,Kochi,61,68,26,66,59,280,56,C,Fail
STU1798,Farhan Rao,Business Administration,Diploma,Kannur,63,31,81,56,30,261,52.2,C,Fail
STU1799,Neha Nair,Computer Science,BBA,Wayanad,86,65,46,54,93,344,68.8,B,Pass
STU1800,Aditya Das,Civil,BBA,Palakkad,100,27,70,21,69,287,57.4,C,Fail
STU1801,Gokul Ali,Electrical,MSc Data Science,Kozhikode,98,90,34,68,78,368,73.6,B+,Fail
STU1802,Gokul Rao,Computer Science,BCom,Kottayam,75,53,28,42,73,271,54.2,C,Fail
STU1803,Aditya Sharma,Civil,BCA,Kozhikode,61,83,99,21,49,313,62.6,B,Fail
STU1804,Aarav Thomas,Civil,BCA,Kochi,37,82,22,39,91,271,54.2,C,Fail
STU1805,Kiran Nair,Mechanical,BSc CS,Wayanad,42,87,100,93,100,422,84.4,A,Pass
STU1806,Diya Rao,Mechanical,BSc CS,Trivandrum,87,50,76,97,76,386,77.2,B+,Pass
STU1807,Arjun Das,Commerce,BTech,Thrissur,93,23,54,21,77,268,53.6,C,Fail
STU1808,Aisha Sharma,Data Science,BBA,Kollam,36,76,26,23,82,243,48.6,D,Fail
STU1809,Naveen Joseph,Electrical,BBA,Kannur,58,64,64,93,77,356,71.2,B+,Pass
STU1810,Vivaan Das,Electrical,BCom,Kollam,32,35,93,90,82,332,66.4,B,Fail
STU1811,Priya Ali,Civil,BCom,Malappuram,32,30,67,50,80,259,51.8,C,Fail
STU1812,Diya Bose,Electrical,BSc CS,Kannur,83,73,98,41,65,360,72,B+,Pass
STU1813,Ananya Menon,Electronics,BBA,Kannur,51,20,71,45,69,256,51.2,C,Fail
STU1814,Gokul Menon,Data Science,BTech,Kollam,39,48,68,40,45,240,48,D,Pass
STU1815,Riya Gupta,Commerce,BTech,Kollam,21,72,85,85,42,305,61,B,Fail
STU1816,Dev Sharma,Data Science,MSc Data Science,Wayanad,94,26,22,96,37,275,55,C,Fail
STU1817,Farhan Bose,Mechanical,MCA,Kollam,98,35,45,24,87,289,57.8,C,Fail
STU1818,Diya Joseph,Civil,MCA,Kozhikode,39,97,95,72,33,336,67.2,B,Fail
STU1819,Aarav Varma,Business Administration,MCA,Malappuram,84,70,31,20,52,257,51.4,C,Fail
STU1820,Dev Gupta,Business Administration,Diploma,Kannur,26,71,89,99,54,339,67.8,B,Fail
STU1821,Gokul Das,Civil,BBA,Kannur,80,49,34,27,62,252,50.4,C,Fail
STU1822,Gokul Sharma,Electrical,BBA,Malappuram,23,84,68,62,66,303,60.6,B,Fail
STU1823,Kiran Sharma,Electronics,BBA,Wayanad,44,85,84,85,68,366,73.2,B+,Pass
STU1824,Kiran Thomas,Data Science,BSc CS,Kozhikode,97,100,43,54,51,345,69,B,Pass
STU1825,Neha Menon,Electronics,MCA,Kollam,45,76,100,32,68,321,64.2,B,Fail
STU1826,Diya Patel,Data Science,MCA,Palakkad,53,44,20,65,38,220,44,D,Fail
STU1827,Nikhil Singh,Data Science,MSc Data Science,Trivandrum,54,59,48,54,60,275,55,C,Pass
STU1828,Kiran Kumar,Civil,Diploma,Malappuram,100,93,55,100,85,433,86.6,A,Pass
STU1829,Dev Rao,Electronics,BCA,Kollam,66,57,75,49,86,333,66.6,B,Pass
STU1830,Farhan Ali,Business Administration,Diploma,Kannur,21,33,83,20,95,252,50.4,C,Fail
STU1831,Gokul Kumar,Electronics,BCom,Palakkad,35,92,87,28,80,322,64.4,B,Fail
STU1832,Akash Rao,Business Administration,BCA,Kannur,55,58,81,98,35,327,65.4,B,Pass
STU1833,Sneha Varma,Computer Science,MCA,Wayanad,59,68,97,60,94,378,75.6,B+,Pass
STU1834,Priya Kumar,Electronics,BBA,Kannur,69,43,67,72,41,292,58.4,C,Pass
STU1835,Sneha Iyer,Mechanical,BBA,Kochi,32,52,93,54,65,296,59.2,C,Fail
STU1836,Neha Singh,Data Science,BTech,Kochi,96,92,80,27,72,367,73.4,B+,Fail
STU1837,Kiran Gupta,Electronics,BCom,Kannur,79,41,52,51,56,279,55.8,C,Pass
STU1838,Priya Patel,Electrical,MCA,Thrissur,66,74,71,35,63,309,61.8,B,Pass
STU1839,Priya Nair,Civil,Diploma,Palakkad,21,46,64,55,28,214,42.8,D,Fail
STU1840,Aisha Gupta,Business Administration,BCom,Kochi,66,66,22,53,87,294,58.8,C,Fail
STU1841,Vivaan Kumar,Mechanical,BSc CS,Kochi,45,93,32,93,28,291,58.2,C,Fail
STU1842,Aisha Bose,Civil,BBA,Kannur,92,48,95,95,26,356,71.2,B+,Fail
STU1843,Nikhil Joseph,Business Administration,BCom,Kozhikode,31,97,95,57,30,310,62,B,Fail
STU1844,Vivaan Joseph,Business Administration,BTech,Thrissur,94,70,90,90,76,420,84,A,Pass
STU1845,Naveen Kumar,Electronics,BCA,Kollam,75,76,78,83,34,346,69.2,B,Fail
STU1846,Arjun Thomas,Computer Science,BCom,Kochi,77,24,59,25,69,254,50.8,C,Fail
STU1847,Rahul Bose,Computer Science,BBA,Wayanad,92,54,78,98,29,351,70.2,B+,Fail
STU1848,Ananya Iyer,Electrical,MSc Data Science,Wayanad,61,45,41,49,28,224,44.8,D,Fail
STU1849,Ananya Thomas,Electronics,BCom,Trivandrum,87,91,86,76,23,363,72.6,B+,Fail
STU1850,Vivaan Joseph,Data Science,BSc CS,Malappuram,55,72,37,34,98,296,59.2,C,Fail
STU1851,Aditya Kumar,Electronics,Diploma,Trivandrum,94,39,20,73,99,325,65,B,Fail
STU1852,Aditya Das,Electronics,BTech,Thrissur,28,54,59,66,68,275,55,C,Fail
STU1853,Kiran Das,Civil,BTech,Trivandrum,37,66,35,82,82,302,60.4,B,Pass
STU1854,Gokul Das,Commerce,BTech,Trivandrum,81,64,22,52,84,303,60.6,B,Fail
STU1855,Kiran Nair,Electronics,MCA,Kozhikode,22,33,97,100,32,284,56.8,C,Fail
STU1856,Dev Rao,Business Administration,BSc CS,Kochi,97,90,94,51,62,394,78.8,B+,Pass
STU1857,Priya Kumar,Mechanical,MCA,Malappuram,49,96,60,97,47,349,69.8,B,Pass
STU1858,Aisha Nair,Commerce,MCA,Kochi,48,90,47,55,75,315,63,B,Pass
STU1859,Sneha Joseph,Electrical,BTech,Kozhikode,33,66,78,76,96,349,69.8,B,Fail
STU1860,Aditya Das,Electrical,BSc CS,Kollam,74,31,71,62,32,270,54,C,Fail
STU1861,Nikhil Das,Mechanical,BCA,Kochi,80,47,30,22,29,208,41.6,D,Fail
STU1862,Kiran Joseph,Electrical,MCA,Kannur,44,23,75,82,32,256,51.2,C,Fail
STU1863,Dev Menon,Mechanical,BTech,Palakkad,38,73,88,65,35,299,59.8,C,Pass
STU1864,Naveen Thomas,Data Science,BTech,Wayanad,66,81,94,55,78,374,74.8,B+,Pass
STU1865,Gokul Kumar,Computer Science,BCom,Trivandrum,78,28,34,55,85,280,56,C,Fail
STU1866,Rahul Iyer,Business Administration,BBA,Thrissur,37,59,74,71,77,318,63.6,B,Pass
STU1867,Kiran Bose,Civil,BTech,Thrissur,55,83,83,69,85,375,75,B+,Pass
STU1868,Meera Bose,Computer Science,BBA,Trivandrum,42,35,35,30,30,172,34.4,F,Fail
STU1869,Nikhil Iyer,Computer Science,BBA,Palakkad,62,90,42,32,62,288,57.6,C,Fail
STU1870,Aarav Varma,Computer Science,BTech,Kannur,25,60,71,25,21,202,40.4,D,Fail
STU1871,Arjun Das,Computer Science,BTech,Malappuram,67,96,50,56,69,338,67.6,B,Pass
STU1872,Nikhil Thomas,Civil,MCA,Kollam,100,82,63,100,53,398,79.6,B+,Pass
STU1873,Neha Thomas,Business Administration,MSc Data Science,Malappuram,64,71,31,25,73,264,52.8,C,Fail
STU1874,Akash Thomas,Commerce,BCom,Kannur,82,92,37,34,90,335,67,B,Fail
STU1875,Aditya Ali,Business Administration,BBA,Kottayam,94,26,94,46,46,306,61.2,B,Fail
STU1876,Rahul Kumar,Computer Science,Diploma,Palakkad,70,57,21,77,83,308,61.6,B,Fail
STU1877,Diya Bose,Electrical,MCA,Thrissur,58,37,30,81,98,304,60.8,B,Fail
STU1878,Gokul Patel,Electrical,BCom,Palakkad,54,45,62,39,27,227,45.4,D,Fail
STU1879,Aarav Sharma,Civil,MSc Data Science,Palakkad,91,95,63,41,85,375,75,B+,Pass
STU1880,Sneha Singh,Computer Science,BBA,Kollam,77,24,32,30,100,263,52.6,C,Fail
STU1881,Ananya Menon,Business Administration,MSc Data Science,Wayanad,99,56,80,72,88,395,79,B+,Pass
STU1882,Vivaan Sharma,Mechanical,BBA,Malappuram,72,57,71,20,38,258,51.6,C,Fail
STU1883,Gokul Thomas,Computer Science,BCom,Kollam,39,94,77,64,38,312,62.4,B,Pass
STU1884,Aarav Joseph,Business Administration,BCom,Palakkad,62,80,97,55,27,321,64.2,B,Fail
STU1885,Dev Varma,Computer Science,MSc Data Science,Kannur,66,60,87,53,83,349,69.8,B,Pass
STU1886,Akash Rao,Data Science,Diploma,Trivandrum,35,36,94,47,74,286,57.2,C,Pass
STU1887,Ananya Ali,Computer Science,BSc CS,Kochi,59,30,95,31,48,263,52.6,C,Fail
STU1888,Rahul Menon,Civil,BTech,Thrissur,74,23,88,28,56,269,53.8,C,Fail
STU1889,Naveen Kumar,Electrical,MCA,Kottayam,59,71,38,60,60,288,57.6,C,Pass
STU1890,Sneha Ali,Commerce,BSc CS,Palakkad,85,27,84,73,51,320,64,B,Fail
STU1891,Akash Joseph,Electrical,MCA,Malappuram,50,60,93,86,50,339,67.8,B,Pass
STU1892,Sneha Rao,Electrical,MSc Data Science,Kozhikode,35,41,39,69,52,236,47.2,D,Pass
STU1893,Vivaan Iyer,Business Administration,Diploma,Kollam,62,28,58,100,49,297,59.4,C,Fail
STU1894,Aarav Bose,Civil,Diploma,Palakkad,61,37,68,88,31,285,57,C,Fail
STU1895,Dev Varma,Mechanical,MSc Data Science,Wayanad,89,70,27,47,72,305,61,B,Fail
STU1896,Naveen Menon,Electrical,Diploma,Kottayam,76,61,73,44,56,310,62,B,Pass
STU1897,Naveen Sharma,Business Administration,BBA,Kottayam,31,60,77,35,73,276,55.2,C,Fail
STU1898,Naveen Thomas,Civil,MCA,Kochi,83,53,26,85,76,323,64.6,B,Fail
STU1899,Priya Ali,Civil,BCom,Thrissur,31,64,34,27,85,241,48.2,D,Fail
STU1900,Farhan Gupta,Computer Science,BBA,Kottayam,43,30,99,80,46,298,59.6,C,Fail
STU1901,Gokul Menon,Computer Science,BBA,Trivandrum,43,27,27,78,86,261,52.2,C,Fail
STU1902,Kiran Ali,Commerce,Diploma,Thrissur,41,71,74,75,30,291,58.2,C,Fail
STU1903,Aditya Bose,Electrical,BTech,Kollam,49,72,44,23,46,234,46.8,D,Fail
STU1904,Vivaan Joseph,Data Science,BBA,Kollam,85,86,37,43,94,345,69,B,Pass
STU1905,Gokul Menon,Business Administration,BCom,Kannur,90,57,54,47,56,304,60.8,B,Pass
STU1906,Farhan Nair,Commerce,Diploma,Wayanad,34,98,66,73,87,358,71.6,B+,Fail
STU1907,Dev Bose,Commerce,BBA,Kottayam,40,59,33,27,23,182,36.4,D,Fail
STU1908,Aisha Singh,Data Science,MCA,Palakkad,94,58,79,79,46,356,71.2,B+,Pass
STU1909,Meera Patel,Data Science,BBA,Wayanad,90,54,22,97,88,351,70.2,B+,Fail
STU1910,Aarav Patel,Mechanical,BCom,Thrissur,95,32,46,66,30,269,53.8,C,Fail
STU1911,Rahul Das,Computer Science,BCA,Trivandrum,56,83,64,91,85,379,75.8,B+,Pass
STU1912,Farhan Rao,Data Science,BTech,Trivandrum,66,33,23,95,97,314,62.8,B,Fail
STU1913,Naveen Thomas,Civil,BSc CS,Malappuram,99,89,54,59,93,394,78.8,B+,Pass
STU1914,Dev Nair,Commerce,MSc Data Science,Thrissur,62,95,34,53,69,313,62.6,B,Fail
STU1915,Rahul Varma,Data Science,Diploma,Malappuram,30,69,79,53,90,321,64.2,B,Fail
STU1916,Priya Varma,Commerce,Diploma,Thrissur,29,44,40,22,98,233,46.6,D,Fail
STU1917,Diya Ali,Mechanical,MSc Data Science,Kozhikode,47,32,59,59,40,237,47.4,D,Fail
STU1918,Priya Bose,Business Administration,MSc Data Science,Kochi,66,32,70,93,37,298,59.6,C,Fail
STU1919,Farhan Patel,Electrical,BTech,Malappuram,69,99,81,43,20,312,62.4,B,Fail
STU1920,Arjun Sharma,Commerce,BCA,Kozhikode,40,62,84,27,48,261,52.2,C,Fail
STU1921,Nikhil Ali,Mechanical,Diploma,Kochi,37,56,94,81,74,342,68.4,B,Pass
STU1922,Dev Varma,Commerce,MSc Data Science,Trivandrum,84,77,70,32,63,326,65.2,B,Fail
STU1923,Diya Menon,Computer Science,MCA,Trivandrum,73,74,51,78,32,308,61.6,B,Fail
STU1924,Akash Menon,Computer Science,BTech,Wayanad,50,21,80,80,75,306,61.2,B,Fail
STU1925,Vivaan Das,Electrical,BCA,Kochi,20,79,92,60,41,292,58.4,C,Fail
STU1926,Dev Bose,Data Science,Diploma,Thrissur,32,91,99,50,26,298,59.6,C,Fail
STU1927,Diya Sharma,Mechanical,BCom,Thrissur,27,81,92,78,22,300,60,B,Fail
STU1928,Dev Joseph,Electrical,MSc Data Science,Kochi,94,36,40,46,88,304,60.8,B,Pass
STU1929,Dev Singh,Data Science,BBA,Thrissur,70,92,78,56,27,323,64.6,B,Fail
STU1930,Gokul Ali,Electrical,BCom,Kottayam,63,78,85,23,48,297,59.4,C,Fail
STU1931,Priya Sharma,Mechanical,BTech,Malappuram,79,33,81,21,31,245,49,D,Fail
STU1932,Naveen Menon,Electronics,BBA,Kochi,46,20,32,52,63,213,42.6,D,Fail
STU1933,Meera Iyer,Electronics,MSc Data Science,Malappuram,99,93,58,52,98,400,80,A,Pass
STU1934,Ananya Nair,Electronics,BCA,Kollam,51,37,29,26,75,218,43.6,D,Fail
STU1935,Naveen Patel,Commerce,MSc Data Science,Trivandrum,39,30,95,53,75,292,58.4,C,Fail
STU1936,Meera Kumar,Commerce,BCom,Kozhikode,61,46,89,91,80,367,73.4,B+,Pass
STU1937,Aarav Singh,Electrical,MSc Data Science,Trivandrum,21,35,60,54,48,218,43.6,D,Fail
STU1938,Vivaan Iyer,Data Science,MSc Data Science,Kochi,28,38,61,20,62,209,41.8,D,Fail
STU1939,Kiran Singh,Business Administration,BTech,Malappuram,86,43,88,60,40,317,63.4,B,Pass
STU1940,Dev Sharma,Business Administration,BCom,Kannur,64,73,34,61,94,326,65.2,B,Fail
STU1941,Arjun Gupta,Data Science,MCA,Kannur,96,74,58,45,50,323,64.6,B,Pass
STU1942,Farhan Kumar,Business Administration,MSc Data Science,Wayanad,84,66,37,24,31,242,48.4,D,Fail
STU1943,Arjun Menon,Electronics,BBA,Trivandrum,99,67,65,49,86,366,73.2,B+,Pass
STU1944,Priya Iyer,Electrical,BSc CS,Wayanad,26,33,86,33,96,274,54.8,C,Fail
STU1945,Arjun Patel,Commerce,Diploma,Malappuram,50,34,99,47,24,254,50.8,C,Fail
STU1946,Rahul Singh,Data Science,BCA,Kozhikode,65,76,82,70,74,367,73.4,B+,Pass
STU1947,Aditya Thomas,Civil,Diploma,Trivandrum,74,43,63,88,73,341,68.2,B,Pass
STU1948,Neha Ali,Electrical,BSc CS,Kollam,23,36,48,66,54,227,45.4,D,Fail
STU1949,Aditya Ali,Electronics,Diploma,Wayanad,34,46,86,90,46,302,60.4,B,Fail
STU1950,Rahul Iyer,Commerce,BTech,Kollam,88,80,43,86,62,359,71.8,B+,Pass
STU1951,Akash Patel,Electrical,BBA,Trivandrum,84,93,81,94,62,414,82.8,A,Pass
STU1952,Arjun Singh,Data Science,BCA,Palakkad,54,55,50,24,47,230,46,D,Fail
STU1953,Aditya Kumar,Commerce,BSc CS,Malappuram,91,84,66,34,90,365,73,B+,Fail
STU1954,Priya Thomas,Electrical,Diploma,Trivandrum,90,33,62,32,30,247,49.4,D,Fail
STU1955,Dev Bose,Data Science,MSc Data Science,Malappuram,87,43,95,87,57,369,73.8,B+,Pass
STU1956,Neha Singh,Civil,MCA,Kozhikode,30,25,68,37,27,187,37.4,D,Fail
STU1957,Sneha Varma,Electronics,BSc CS,Kannur,52,84,81,94,62,373,74.6,B+,Pass
STU1958,Gokul Varma,Electrical,MSc Data Science,Malappuram,73,40,58,26,25,222,44.4,D,Fail
STU1959,Kiran Bose,Electrical,BBA,Palakkad,59,25,33,76,92,285,57,C,Fail
STU1960,Nikhil Menon,Civil,BSc CS,Kollam,35,53,56,94,56,294,58.8,C,Pass
STU1961,Nikhil Ali,Computer Science,MSc Data Science,Trivandrum,42,35,85,78,51,291,58.2,C,Pass
STU1962,Arjun Nair,Electrical,MSc Data Science,Trivandrum,46,81,73,32,23,255,51,C,Fail
STU1963,Kiran Bose,Electronics,BBA,Kannur,38,88,84,56,44,310,62,B,Pass
STU1964,Nikhil Rao,Computer Science,Diploma,Thrissur,21,99,38,46,78,282,56.4,C,Fail
STU1965,Kiran Gupta,Commerce,BSc CS,Kottayam,57,25,45,90,54,271,54.2,C,Fail
STU1966,Aisha Thomas,Mechanical,BSc CS,Kochi,33,48,98,88,46,313,62.6,B,Fail
STU1967,Aisha Singh,Mechanical,Diploma,Trivandrum,58,36,32,80,66,272,54.4,C,Fail
STU1968,Aarav Nair,Civil,BCom,Kannur,48,62,62,67,28,267,53.4,C,Fail
STU1969,Meera Singh,Data Science,BSc CS,Thrissur,54,89,54,77,53,327,65.4,B,Pass
STU1970,Sneha Patel,Commerce,BCom,Kozhikode,98,37,49,53,81,318,63.6,B,Pass
STU1971,Neha Ali,Electrical,BTech,Kollam,27,29,95,62,90,303,60.6,B,Fail
STU1972,Priya Bose,Civil,BSc CS,Wayanad,96,83,49,54,25,307,61.4,B,Fail
STU1973,Aarav Kumar,Data Science,BBA,Wayanad,75,76,42,40,91,324,64.8,B,Pass
STU1974,Sneha Ali,Computer Science,Diploma,Thrissur,44,28,56,30,41,199,39.8,D,Fail
STU1975,Riya Ali,Data Science,BTech,Kollam,46,32,48,49,48,223,44.6,D,Fail
STU1976,Priya Patel,Computer Science,MSc Data Science,Thrissur,98,81,26,60,41,306,61.2,B,Fail
STU1977,Priya Thomas,Civil,BCom,Thrissur,92,100,27,28,61,308,61.6,B,Fail
STU1978,Meera Das,Civil,BBA,Kozhikode,83,97,62,57,88,387,77.4,B+,Pass
STU1979,Sneha Joseph,Computer Science,MSc Data Science,Thrissur,27,56,29,63,28,203,40.6,D,Fail
STU1980,Kiran Ali,Mechanical,BCA,Malappuram,25,48,68,97,50,288,57.6,C,Fail
STU1981,Gokul Nair,Electrical,BSc CS,Malappuram,36,38,87,97,40,298,59.6,C,Pass
STU1982,Ananya Nair,Computer Science,BBA,Palakkad,99,25,86,62,74,346,69.2,B,Fail
STU1983,Ananya Thomas,Data Science,BBA,Palakkad,99,93,48,72,52,364,72.8,B+,Pass
STU1984,Aarav Ali,Business Administration,BTech,Kochi,58,84,38,99,35,314,62.8,B,Pass
STU1985,Riya Bose,Business Administration,BSc CS,Kochi,48,67,81,56,55,307,61.4,B,Pass
STU1986,Riya Singh,Data Science,BCom,Wayanad,39,40,32,48,58,217,43.4,D,Fail
STU1987,Sneha Menon,Electrical,BCom,Kozhikode,79,57,59,77,73,345,69,B,Pass
STU1988,Vivaan Nair,Computer Science,BBA,Kozhikode,54,80,37,20,97,288,57.6,C,Fail
STU1989,Priya Nair,Electrical,Diploma,Kottayam,38,67,81,70,22,278,55.6,C,Fail
STU1990,Aisha Varma,Data Science,MSc Data Science,Kannur,63,48,86,55,74,326,65.2,B,Pass
STU1991,Naveen Thomas,Computer Science,BCom,Thrissur,36,51,26,38,95,246,49.2,D,Fail
STU1992,Aarav Nair,Civil,BTech,Kannur,86,37,88,21,44,276,55.2,C,Fail
STU1993,Sneha Singh,Data Science,BCA,Wayanad,40,58,29,77,54,258,51.6,C,Fail
STU1994,Priya Ali,Civil,BCom,Trivandrum,63,29,67,79,31,269,53.8,C,Fail
STU1995,Sneha Singh,Business Administration,MSc Data Science,Kozhikode,90,38,78,83,60,349,69.8,B,Pass
STU1996,Farhan Iyer,Commerce,Diploma,Kozhikode,80,62,76,45,86,349,69.8,B,Pass
STU1997,Nikhil Patel,Electronics,MCA,Kochi,39,54,87,29,25,234,46.8,D,Fail
STU1998,Aarav Das,Electrical,BCA,Kottayam,90,100,49,100,60,399,79.8,B+,Pass
STU1999,Neha Singh,Commerce,BCA,Kochi,45,53,51,43,20,212,42.4,D,Fail
STU2000,Dev Thomas,Electronics,Diploma,Malappuram,42,80,92,41,21,276,55.2,C,Fail
